,CCAA,SEXO,EDAD,NACIO,ECIVIL,ESTUDIO,D_1,VISI_2_1,MOVI_21_1,MOVI_22_1,MOVI_25_1
0,8,2,1,3,2,3,3,1,1,2,1
1,4,1,3,1,2,3,3,1,1,1,1
2,14,1,5,3,5,3,3,1,1,1,2
3,4,1,5,1,2,3,1,1,1,1,1
4,4,1,1,3,2,3,3,1,1,1,1
5,8,1,3,3,2,1,3,2,1,1,1
6,4,1,1,1,2,3,3,2,2,1,1
7,4,1,1,3,1,5,3,2,1,2,1
8,2,1,3,3,2,3,3,2,1,1,1
9,19,1,5,3,1,3,1,1,1,1,1
10,16,2,4,2,2,3,3,1,1,2,2
11,10,1,1,1,3,7,1,2,1,1,1
12,1,1,1,3,5,3,1,1,1,1,1
13,10,1,1,3,5,3,3,1,2,1,1
14,4,1,1,3,3,3,1,2,2,1,1
15,4,1,1,1,5,3,3,1,1,1,1
16,4,1,2,1,2,3,1,1,1,1,1
17,10,2,1,1,2,3,1,1,1,1,1
18,8,1,3,1,5,6,3,1,1,1,1
19,4,2,1,2,3,6,1,1,1,1,1
20,4,2,1,3,2,1,3,1,1,1,1
21,5,1,5,1,5,3,3,2,1,2,1
22,9,1,6,2,1,3,3,1,1,1,1
23,8,1,3,1,2,6,1,1,1,1,1
24,11,1,1,1,1,3,2,1,1,1,1
25,16,2,2,3,5,3,5,1,1,2,1
26,15,1,4,2,1,3,1,2,1,1,1
27,2,1,1,1,2,6,5,1,1,1,1
28,14,1,4,3,1,3,3,1,1,1,1
29,7,1,5,2,5,8,1,2,1,1,2
30,4,2,6,3,5,3,3,1,1,1,1
31,4,1,6,1,2,3,3,2,1,1,1
32,4,2,2,1,1,4,3,1,1,1,1
33,4,2,2,2,3,1,1,2,1,1,1
34,8,1,1,2,5,2,3,1,1,1,1
35,8,1,1,1,3,2,3,2,2,2,1
36,2,2,5,1,3,3,3,2,1,2,1
37,15,2,1,1,2,7,1,2,1,1,1
38,4,1,1,1,4,2,3,2,1,2,2
39,4,1,4,3,3,1,3,1,1,1,1
40,9,1,1,1,5,3,1,2,1,1,1
41,8,1,2,1,5,3,3,1,2,1,1
42,16,1,5,1,3,2,5,1,1,1,1
43,16,2,1,2,2,3,3,1,1,1,1
44,4,2,4,3,2,3,1,1,2,1,1
45,14,2,2,3,3,1,5,1,1,1,1
46,8,2,6,3,2,3,3,1,1,1,1
47,2,1,4,3,2,4,1,1,2,1,1
48,9,1,1,3,2,1,1,1,1,1,1
49,4,2,1,3,5,1,1,1,1,1,1
50,9,1,1,1,3,3,3,1,1,1,1
51,4,2,1,3,2,1,1,1,1,1,1
52,4,1,1,3,4,3,1,1,1,1,1
53,4,1,5,1,5,3,3,1,1,2,2
54,2,2,1,3,2,3,2,1,1,1,1
55,2,1,1,2,2,4,1,1,1,1,1
56,4,1,1,1,2,3,3,1,1,2,1
57,4,1,1,1,5,3,3,1,1,1,2
58,15,1,3,2,2,6,1,2,1,1,1
59,4,2,1,1,3,5,1,1,1,1,1
60,11,1,1,3,2,1,4,1,1,1,1
61,8,2,1,1,2,3,5,1,2,2,2
62,8,2,2,1,2,4,5,1,1,1,2
63,4,1,1,1,2,3,3,1,1,1,1
64,2,1,1,2,2,3,3,1,2,1,1
65,4,1,5,2,2,3,1,1,1,1,1
66,11,1,2,1,5,7,3,2,2,1,1
67,1,1,3,1,5,1,3,1,1,1,1
68,4,2,1,1,2,3,1,1,1,1,1
69,4,2,1,3,5,7,3,1,1,1,1
70,2,1,1,3,5,3,1,1,1,1,1
71,16,1,1,3,2,3,3,1,1,1,1
72,4,1,6,3,1,3,1,1,1,1,2
73,2,1,2,1,2,8,2,2,1,1,2
74,7,2,1,3,2,3,3,1,1,2,1
75,14,1,1,3,2,8,5,2,1,1,1
76,7,2,2,3,2,4,2,1,1,1,1
77,8,1,2,3,2,3,3,1,1,1,1
78,14,2,1,1,1,3,3,1,2,1,1
79,4,1,2,1,5,3,3,1,2,1,1
80,12,2,5,3,5,3,4,1,1,1,2
81,19,1,1,1,4,3,3,1,1,1,1
82,8,2,1,1,5,7,3,1,2,1,1
83,8,1,1,1,2,3,2,2,1,1,1
84,8,1,1,3,5,3,3,2,1,1,1
85,8,1,1,1,2,3,3,1,2,1,1
86,4,2,1,1,2,3,1,1,1,1,2
87,14,1,6,3,5,3,1,1,1,1,1
88,4,1,2,1,2,5,3,1,1,1,1
89,4,1,1,3,2,1,3,1,1,1,2
90,4,1,4,1,2,4,3,1,1,1,1
91,8,2,6,1,5,3,1,1,1,1,1
92,3,1,2,1,5,3,3,2,1,1,1
93,9,1,2,1,2,3,3,2,2,1,1
94,4,1,1,1,1,1,3,1,1,1,1
95,4,1,1,3,3,3,1,1,1,1,1
96,14,1,1,1,5,3,1,1,1,1,1
97,16,2,1,3,2,8,1,1,1,1,1
98,2,1,1,1,5,7,1,1,1,1,1
99,8,1,1,1,2,2,3,1,2,1,1
100,1,2,2,2,2,1,1,1,2,1,1
101,2,1,1,3,5,3,3,1,1,2,1
102,14,1,2,1,2,4,1,1,1,1,1
103,14,1,3,3,2,3,2,1,1,1,1
104,14,2,2,3,2,3,2,1,1,2,1
105,10,1,1,1,2,7,3,1,1,1,1
106,12,2,1,3,5,3,3,1,1,1,1
107,8,2,3,1,1,3,1,2,1,2,1
108,16,2,2,2,1,5,1,1,1,1,1
109,19,1,4,3,5,8,5,1,1,1,1
110,16,1,6,3,5,7,1,1,1,1,1
111,8,2,1,2,5,5,2,2,1,1,2
112,4,1,1,1,2,3,3,2,1,1,1
113,8,2,1,1,2,4,3,2,2,1,1
114,8,2,2,1,2,3,1,1,1,1,2
115,4,2,4,1,1,6,3,1,1,1,1
116,2,2,1,3,2,8,2,1,1,1,1
117,4,1,1,1,2,6,1,1,1,1,1
118,7,1,1,1,1,1,3,2,1,1,1
119,4,2,1,3,3,3,1,1,1,1,1
120,4,1,4,2,2,3,3,1,2,1,1
121,3,2,5,2,5,3,1,1,1,1,2
122,8,1,2,1,2,3,1,1,1,1,1
123,8,1,1,3,1,3,3,1,1,1,1
124,2,1,2,3,2,3,1,2,1,1,1
125,4,1,1,3,1,8,1,1,1,1,1
126,2,1,2,1,2,3,1,1,1,1,2
127,8,1,1,3,2,3,1,2,1,1,2
128,17,1,1,3,5,3,1,1,1,1,1
129,16,1,1,3,2,3,1,1,1,1,1
130,7,1,1,3,2,3,1,1,1,1,1
131,4,2,3,1,2,3,1,1,1,2,1
132,5,2,5,2,3,3,3,1,1,1,1
133,4,2,1,2,3,4,1,1,1,2,2
134,4,1,1,1,5,3,1,2,1,1,2
135,7,2,1,2,5,5,1,1,2,2,1
136,8,1,1,1,2,3,3,1,1,1,2
137,7,1,1,1,2,3,1,1,1,1,1
138,4,1,1,3,2,3,1,2,2,1,1
139,4,1,1,3,2,3,1,1,1,1,1
140,8,2,1,3,5,3,1,2,1,1,1
141,7,2,2,1,5,2,3,1,1,1,1
142,16,1,1,1,2,3,3,1,1,1,1
143,4,2,2,3,2,3,3,2,1,1,2
144,4,1,6,3,2,1,3,1,1,1,1
145,12,1,1,1,5,3,3,1,1,1,1
146,4,2,1,3,2,8,1,1,2,1,1
147,4,2,1,1,2,7,3,1,2,1,1
148,15,1,1,1,5,3,3,1,1,1,1
149,7,1,5,1,5,3,3,1,2,1,1
150,14,2,2,3,5,1,1,1,1,2,1
151,4,1,1,1,2,3,3,1,1,1,1
152,1,1,2,1,3,6,1,1,1,2,1
153,16,2,1,3,1,1,5,1,1,1,2
154,4,1,6,1,1,3,1,1,1,1,1
155,4,1,2,1,3,3,3,1,2,1,1
156,5,1,5,1,1,1,1,1,2,1,1
157,10,1,1,3,2,3,1,1,1,1,1
158,4,1,3,1,1,3,3,1,1,2,1
159,2,1,2,1,2,3,1,1,1,1,1
160,8,2,6,3,2,3,1,2,2,1,1
161,2,2,3,1,2,7,3,1,1,1,1
162,10,1,1,1,2,3,3,1,1,1,1
163,4,1,6,2,5,4,3,1,1,1,1
164,14,2,1,3,2,3,1,2,2,2,1
165,8,2,1,1,2,3,1,1,1,2,1
166,2,1,1,3,2,3,3,1,1,1,1
167,4,1,1,3,3,3,3,1,1,1,1
168,4,1,1,1,2,3,5,1,2,1,1
169,14,1,1,2,1,5,1,1,1,2,1
170,16,1,1,1,2,3,3,1,1,1,1
171,4,2,1,1,5,3,3,1,1,2,1
172,4,1,4,1,5,3,1,1,1,2,1
173,7,1,5,1,3,3,1,1,2,1,1
174,14,1,1,3,1,3,3,1,1,2,2
175,2,1,5,3,2,8,1,1,1,2,1
176,16,1,1,1,1,3,1,1,2,1,1
177,4,1,5,1,5,7,3,1,1,1,1
178,7,2,5,1,5,3,3,1,1,1,2
179,2,2,5,3,5,3,3,1,1,1,1
180,4,1,1,2,3,1,1,1,1,2,1
181,8,2,4,3,2,7,1,2,1,1,1
182,4,1,2,1,3,7,3,1,1,1,1
183,4,1,1,1,3,3,1,1,1,1,1
184,10,1,3,3,5,3,3,1,1,2,1
185,4,2,4,3,2,8,2,1,1,1,1
186,16,2,1,1,2,8,3,2,2,1,2
187,4,1,1,1,2,7,1,1,1,1,1
188,4,2,3,1,3,3,1,2,1,1,1
189,3,1,6,3,1,3,3,1,2,1,1
190,4,1,3,1,2,3,3,1,1,1,2
191,2,2,3,3,1,8,1,2,1,1,1
192,4,1,2,3,2,3,3,1,1,1,1
193,4,2,1,2,5,3,3,2,1,2,1
194,4,2,5,1,5,3,2,1,1,1,1
195,7,2,6,1,3,3,3,1,1,1,1
196,4,2,3,3,3,1,1,1,1,1,1
197,12,2,5,3,2,8,1,1,1,1,1
198,7,1,4,1,5,3,3,1,1,1,2
199,7,1,1,1,5,8,1,2,1,1,1
200,4,2,3,3,2,3,1,1,2,1,1
201,4,1,1,3,1,7,3,1,1,1,1
202,8,2,1,3,5,3,1,2,2,1,2
203,15,2,1,3,5,1,3,1,1,1,2
204,10,1,6,3,3,1,3,1,1,2,1
205,19,2,1,1,2,3,3,1,1,1,1
206,4,1,3,1,5,3,1,1,1,1,2
207,8,1,1,3,2,3,3,2,1,1,1
208,8,1,2,2,5,3,3,2,1,1,1
209,4,1,1,1,2,5,3,1,1,1,1
210,4,1,1,1,5,3,1,2,2,1,1
211,4,1,1,1,5,3,3,1,1,1,1
212,8,1,1,1,1,4,3,1,1,1,1
213,10,1,1,3,2,3,3,1,1,1,1
214,8,1,1,3,5,3,4,1,1,1,2
215,4,2,5,1,2,2,3,2,1,1,1
216,8,2,1,2,2,3,1,1,2,1,1
217,9,2,1,3,2,8,1,2,1,2,1
218,6,1,1,3,5,8,3,1,1,1,1
219,4,1,1,1,2,7,5,2,1,1,1
220,8,1,1,1,5,3,1,1,1,1,1
221,8,1,3,1,5,3,3,2,2,1,1
222,7,2,4,3,2,3,1,1,1,1,1
223,8,1,1,1,5,3,1,1,1,1,1
224,4,1,1,3,2,3,1,2,1,1,1
225,1,1,2,3,2,3,1,1,2,1,1
226,17,1,3,1,2,3,3,2,1,1,1
227,14,2,1,3,2,6,5,2,2,1,1
228,7,1,2,3,3,8,3,1,1,1,1
229,4,1,2,1,5,3,1,2,1,1,1
230,10,1,3,1,5,2,1,2,2,1,1
231,4,2,1,2,2,3,3,1,1,1,1
232,16,1,1,3,2,3,3,1,1,1,1
233,8,1,1,3,3,4,1,1,1,1,1
234,4,1,4,1,4,3,3,1,1,1,1
235,8,1,1,1,5,8,3,2,1,1,1
236,7,1,1,3,5,3,2,1,1,1,1
237,2,1,3,3,2,3,3,1,1,1,1
238,6,1,1,1,2,1,5,2,2,1,1
239,4,1,4,3,2,3,2,1,1,1,1
240,15,1,6,1,5,3,3,1,2,1,1
241,2,2,1,1,2,3,1,1,2,1,1
242,16,1,3,1,4,2,3,1,2,2,1
243,16,1,2,1,2,6,3,1,1,1,1
244,4,1,3,1,2,3,2,1,2,2,1
245,1,1,3,1,1,8,1,1,1,1,1
246,15,1,1,1,1,6,3,1,1,1,1
247,4,1,3,1,3,3,3,1,2,1,1
248,4,2,1,3,1,3,1,1,1,1,1
249,8,2,2,3,1,8,5,2,1,1,1
250,10,1,1,3,5,1,3,1,1,1,1
251,4,2,6,3,2,3,3,1,1,1,1
252,4,1,2,3,5,3,3,1,1,1,1
253,5,1,1,1,2,2,3,2,1,1,1
254,4,2,1,1,5,7,1,1,1,1,1
255,8,1,3,2,2,3,3,1,1,1,1
256,2,2,6,1,1,2,1,1,1,1,1
257,4,2,1,1,1,3,3,1,2,1,1
258,4,1,6,1,5,3,3,1,1,2,1
259,16,2,2,1,3,4,5,1,1,2,2
260,2,2,1,2,4,3,5,1,1,1,1
261,15,2,1,1,3,3,3,1,1,1,2
262,4,1,5,1,2,3,3,1,1,1,1
263,4,1,2,2,3,3,3,1,1,1,2
264,4,2,1,2,2,3,3,2,1,2,1
265,12,1,2,3,2,3,1,1,1,1,1
266,4,2,1,2,2,8,1,1,1,1,1
267,7,2,4,1,1,3,2,1,1,2,2
268,10,2,1,1,2,4,3,1,1,1,2
269,16,2,5,3,2,4,1,1,1,2,1
270,8,2,1,1,2,3,3,2,1,1,1
271,8,2,3,3,2,1,3,2,1,1,1
272,2,2,1,3,1,3,5,1,1,1,1
273,8,1,3,1,1,5,5,1,1,2,1
274,2,2,1,1,5,5,1,1,1,1,1
275,4,2,1,1,5,3,3,2,1,2,2
276,4,1,2,1,1,5,1,1,1,1,1
277,4,1,1,3,2,3,3,1,1,1,2
278,19,2,4,3,2,3,3,1,1,2,1
279,4,2,1,1,1,6,3,1,1,1,1
280,4,2,1,1,2,7,2,2,1,1,1
281,4,2,2,1,5,2,1,1,1,1,1
282,2,1,3,2,2,2,3,1,1,1,1
283,4,1,2,3,2,8,1,1,1,1,1
284,2,2,3,3,5,7,1,2,1,1,1
285,4,1,2,1,2,8,3,1,1,1,1
286,2,1,1,3,2,3,3,2,1,1,2
287,7,1,4,1,5,3,3,1,1,1,1
288,8,2,1,3,2,8,1,1,1,1,1
289,4,1,5,3,2,3,3,1,1,1,1
290,15,2,1,1,5,3,3,1,1,1,1
291,3,1,1,3,5,1,3,1,1,1,1
292,1,1,5,3,2,3,2,1,1,1,1
293,8,2,1,2,1,8,1,1,1,1,1
294,4,1,3,1,5,7,3,2,1,1,1
295,4,1,3,3,5,3,3,1,1,2,1
296,7,1,2,3,5,3,1,1,1,1,2
297,4,1,1,3,1,7,1,1,1,1,1
298,4,1,1,1,5,5,3,1,1,1,1
299,8,2,2,1,2,3,1,2,1,1,1
300,8,2,1,3,2,1,1,1,1,1,1
301,7,1,1,1,2,3,2,1,1,1,1
302,5,1,1,3,2,3,3,1,1,1,1
303,2,2,1,2,2,6,1,2,1,1,1
304,8,2,3,3,5,3,3,1,1,1,1
305,15,1,2,2,1,3,3,1,1,1,1
306,4,1,1,1,2,6,3,1,1,1,1
307,1,2,1,3,2,3,1,1,1,1,1
308,8,1,1,3,2,3,3,1,2,1,1
309,8,2,1,1,5,3,3,2,1,1,1
310,7,1,1,2,1,3,3,1,2,1,2
311,2,1,2,1,2,3,3,1,1,1,2
312,15,2,1,1,2,8,2,2,1,1,1
313,15,2,1,3,4,2,3,1,1,1,1
314,8,1,1,1,2,2,1,2,1,1,1
315,10,1,1,1,2,3,3,1,1,1,1
316,10,1,1,3,2,3,2,1,1,1,1
317,3,2,1,1,2,8,3,1,1,1,1
318,4,1,3,3,2,7,1,1,1,1,1
319,4,2,1,3,2,3,2,1,1,1,1
320,4,2,1,3,1,5,1,1,1,1,1
321,2,1,3,1,2,2,2,1,1,1,1
322,4,1,2,3,2,3,1,2,2,1,2
323,4,1,4,1,1,7,5,1,1,2,1
324,8,1,1,3,2,4,3,1,1,1,1
325,19,1,5,1,5,6,3,1,1,2,1
326,7,2,2,1,4,3,2,1,1,1,1
327,4,2,1,1,5,2,2,1,1,1,1
328,4,2,6,1,2,3,1,1,1,2,1
329,4,1,2,3,2,3,3,1,1,1,1
330,4,1,1,1,3,3,1,1,1,1,1
331,4,2,1,1,2,3,1,1,1,1,1
332,4,2,1,1,5,3,3,1,1,1,1
333,8,2,6,1,4,1,3,2,1,2,1
334,4,1,3,1,2,6,1,1,1,1,1
335,8,1,1,1,5,3,3,1,2,1,1
336,8,1,1,1,2,3,1,1,1,1,1
337,4,1,6,3,2,3,3,1,1,1,1
338,8,1,2,1,1,7,1,2,2,1,1
339,4,2,2,2,5,4,3,1,1,1,1
340,4,1,1,2,1,3,2,1,1,1,2
341,4,1,1,1,2,3,3,1,1,1,1
342,2,1,2,1,5,8,1,1,2,1,1
343,7,1,1,1,1,3,3,1,1,2,2
344,15,1,6,3,2,5,1,1,1,2,1
345,4,1,1,3,2,1,3,1,1,2,1
346,2,1,6,1,2,7,3,2,1,1,1
347,8,1,1,1,5,3,3,1,1,2,1
348,4,1,3,3,1,1,1,1,1,2,1
349,4,1,1,3,5,3,5,1,1,2,1
350,15,1,1,1,2,3,4,1,1,1,1
351,4,1,5,3,5,8,1,2,1,1,1
352,4,1,4,3,1,3,1,1,1,1,1
353,10,2,5,2,2,3,3,1,1,1,1
354,4,1,1,3,1,3,1,2,1,1,1
355,14,1,1,1,5,3,3,1,1,1,1
356,9,1,5,1,5,3,2,2,2,1,1
357,7,1,6,2,5,5,1,1,1,1,2
358,2,2,1,3,1,3,1,1,1,1,1
359,4,1,6,3,2,6,1,2,1,1,1
360,8,1,1,1,5,3,1,2,1,1,1
361,2,1,1,1,2,6,1,1,2,1,1
362,4,2,5,1,3,2,2,1,1,1,1
363,11,1,1,3,3,3,1,1,1,2,1
364,15,1,5,1,2,8,1,1,1,1,1
365,15,1,2,1,2,1,3,1,1,1,2
366,4,1,5,1,5,2,2,2,1,1,1
367,16,1,1,1,5,5,1,2,2,1,1
368,8,1,1,3,2,3,1,1,2,1,2
369,4,1,4,1,2,3,3,2,1,1,1
370,4,2,1,1,5,3,3,1,2,1,1
371,4,1,2,1,2,3,3,1,1,1,1
372,8,1,2,3,2,3,5,1,1,1,1
373,4,1,1,3,2,3,1,1,2,1,1
374,10,1,1,2,2,1,1,2,1,1,1
375,4,1,3,1,3,3,1,1,2,1,1
376,10,1,4,1,5,2,1,2,2,1,1
377,4,1,1,1,2,3,1,2,1,1,1
378,2,2,3,1,4,3,3,1,1,1,1
379,4,2,1,1,5,1,1,1,1,1,1
380,4,2,3,3,3,5,1,1,1,1,1
381,9,1,2,1,2,3,3,2,1,1,1
382,8,1,2,2,1,8,3,2,1,1,1
383,7,1,1,1,3,3,1,1,1,1,1
384,4,2,1,1,2,3,1,1,1,1,1
385,17,1,2,3,3,3,3,1,1,1,1
386,4,1,1,1,3,3,5,1,1,1,1
387,7,1,5,3,3,5,2,2,1,1,1
388,1,2,4,3,3,1,3,1,1,1,1
389,15,1,1,3,2,1,3,1,1,1,1
390,2,1,1,1,3,3,3,1,1,2,2
391,2,2,1,3,2,8,3,2,1,2,1
392,4,2,1,1,1,4,3,1,1,1,1
393,4,1,1,1,2,3,3,1,1,1,1
394,4,2,2,1,1,3,1,1,1,1,1
395,4,1,1,1,5,3,5,2,1,1,1
396,10,1,3,1,1,3,3,1,1,1,1
397,4,2,1,1,2,8,1,1,1,1,1
398,4,2,5,3,2,3,3,2,1,1,1
399,19,2,1,3,2,5,2,1,2,1,1
400,12,2,3,1,2,5,1,1,1,1,1
401,4,1,3,1,5,6,1,1,1,1,1
402,7,1,1,1,5,3,1,1,2,1,1
403,8,2,1,1,2,3,3,2,1,1,1
404,2,1,2,1,1,7,3,1,1,1,1
405,17,1,1,1,2,7,3,1,1,1,1
406,4,1,1,1,5,6,1,1,1,1,1
407,14,1,1,3,5,8,3,1,1,1,1
408,4,2,3,1,1,2,1,1,1,1,1
409,2,1,2,1,2,3,3,1,1,1,1
410,4,1,3,1,2,3,5,1,1,1,1
411,7,2,1,1,2,3,1,1,1,1,1
412,1,1,1,2,2,2,5,1,1,1,1
413,4,2,1,1,5,3,1,1,1,2,1
414,4,2,4,1,3,3,3,1,1,1,2
415,14,2,1,3,2,3,3,1,1,1,1
416,8,1,4,1,5,7,1,1,1,1,2
417,2,2,3,3,1,3,1,1,1,1,1
418,8,2,6,1,5,3,3,1,1,1,2
419,8,2,6,1,2,2,3,1,1,1,1
420,8,1,4,1,1,3,3,1,1,2,1
421,14,1,1,2,2,5,1,1,1,1,1
422,8,1,1,3,2,3,3,1,2,1,2
423,8,2,2,1,2,3,3,2,2,2,2
424,4,1,1,3,1,1,5,1,1,1,1
425,9,1,1,1,5,5,3,1,1,2,1
426,16,1,1,3,5,3,1,1,1,1,1
427,4,2,2,1,5,3,1,2,1,1,1
428,4,2,6,3,1,3,3,1,1,1,1
429,7,1,1,1,2,2,1,1,1,1,1
430,4,2,1,3,3,3,3,1,1,1,1
431,4,2,5,3,3,3,3,1,1,1,1
432,4,1,1,1,2,3,3,1,1,1,1
433,16,2,2,1,2,3,1,1,1,1,1
434,12,1,3,1,2,4,1,1,1,1,1
435,4,2,3,2,2,8,1,1,1,1,1
436,16,1,1,1,2,3,3,2,1,1,1
437,4,1,3,1,3,2,1,1,1,1,1
438,1,1,6,3,2,3,3,1,1,2,1
439,4,1,1,2,1,5,1,2,1,1,1
440,8,2,4,1,1,3,3,1,2,1,1
441,7,2,4,3,2,1,1,1,1,1,1
442,8,2,1,1,2,3,1,2,1,2,1
443,4,1,1,1,1,1,3,2,1,1,2
444,15,2,1,2,2,3,3,1,1,1,1
445,7,1,1,1,5,3,1,1,1,1,2
446,4,1,4,2,1,3,1,1,1,1,1
447,4,1,5,1,1,7,5,1,1,1,1
448,2,1,1,1,1,1,3,1,1,1,1
449,4,1,2,1,1,3,3,1,2,1,1
450,12,1,2,1,5,3,3,2,1,1,2
451,8,2,2,3,2,3,3,1,1,1,1
452,4,1,1,1,2,3,3,1,2,1,1
453,1,2,2,3,1,3,1,1,1,1,1
454,7,1,1,1,1,3,1,1,1,2,2
455,4,1,1,1,3,6,5,1,1,1,1
456,12,1,1,3,5,3,3,2,1,1,1
457,8,2,6,3,5,3,1,1,1,2,1
458,9,1,4,3,2,3,3,1,1,1,1
459,15,2,4,3,2,8,1,1,1,1,1
460,2,2,5,3,3,3,3,1,1,1,1
461,14,1,1,1,1,1,3,1,1,1,1
462,4,2,3,3,2,3,1,1,1,1,1
463,8,2,5,3,2,3,1,1,2,1,1
464,4,1,1,2,5,1,1,1,1,1,1
465,4,1,1,2,5,8,1,2,1,1,1
466,16,2,6,1,4,3,3,1,1,1,1
467,14,2,1,1,2,1,3,1,1,1,1
468,4,1,4,1,3,2,1,1,1,1,1
469,4,1,1,1,3,8,4,1,1,1,1
470,10,2,1,3,5,3,3,1,1,1,1
471,4,1,1,3,5,3,4,1,1,1,1
472,4,2,1,3,2,4,5,2,2,1,2
473,6,1,2,3,5,3,1,1,1,1,1
474,4,1,1,1,2,3,3,1,1,1,1
475,4,1,2,3,2,3,1,1,1,1,1
476,7,1,1,1,5,7,1,1,1,1,1
477,4,1,3,1,2,8,1,1,1,1,1
478,15,2,1,3,1,1,1,1,1,1,1
479,4,1,1,1,5,6,3,1,1,1,1
480,10,2,1,1,5,3,2,2,1,1,2
481,4,2,1,3,5,3,3,1,2,1,2
482,10,1,1,3,4,3,3,2,1,1,1
483,8,1,2,2,1,8,1,1,1,1,2
484,4,1,1,1,1,8,3,1,2,1,1
485,2,1,1,3,3,8,1,1,1,1,1
486,16,2,1,1,2,6,3,1,1,1,1
487,4,1,1,3,5,3,2,1,1,2,1
488,2,2,1,1,2,3,3,1,1,1,2
489,10,2,1,1,2,7,5,1,1,1,2
490,4,1,1,1,5,1,2,2,1,1,1
491,4,2,1,1,2,3,3,1,1,1,1
492,1,2,1,1,1,2,1,2,1,2,2
493,2,1,1,1,1,3,1,1,1,1,1
494,4,1,3,3,2,3,1,2,1,1,1
495,10,2,1,1,1,8,3,1,1,1,1
496,15,2,1,3,1,3,1,1,1,1,1
497,1,1,4,1,2,8,3,1,1,1,1
498,4,2,1,1,2,3,5,1,1,1,1
499,9,2,4,2,2,3,3,1,1,1,1
500,16,1,1,3,3,3,5,2,1,1,2
501,8,1,2,1,5,4,3,1,1,1,1
502,9,1,1,3,3,1,3,1,1,1,1
503,14,1,1,1,2,3,1,1,1,2,1
504,14,1,1,2,2,4,1,2,1,1,2
505,8,2,1,3,2,3,1,1,1,2,1
506,8,1,2,2,5,3,4,1,2,2,2
507,12,2,1,3,3,3,1,1,1,1,1
508,7,2,1,3,5,3,5,1,1,1,1
509,4,1,1,2,1,3,1,1,1,1,1
510,16,1,6,1,5,6,3,2,1,1,2
511,4,1,2,1,2,2,5,1,2,2,1
512,2,2,2,3,2,1,3,1,1,2,1
513,4,1,1,3,2,3,1,1,1,1,1
514,8,1,2,1,2,3,1,1,1,1,2
515,8,1,3,1,2,3,2,1,1,2,1
516,2,1,1,2,5,5,1,1,1,1,2
517,4,2,1,3,1,3,3,1,1,1,1
518,4,2,1,1,5,4,1,1,1,1,1
519,17,1,1,3,2,3,3,1,1,1,1
520,2,1,2,3,2,3,3,1,1,1,2
521,7,1,3,2,2,2,5,1,1,1,1
522,4,1,2,2,5,3,3,1,1,1,1
523,4,1,1,1,5,3,1,1,1,1,1
524,2,1,4,1,4,7,1,2,1,1,1
525,18,2,2,3,2,1,3,1,1,1,1
526,4,2,1,1,2,3,3,1,1,1,1
527,7,1,3,1,1,3,1,1,1,1,2
528,16,1,1,3,5,1,3,2,2,1,1
529,4,1,6,3,1,3,3,1,1,1,1
530,14,1,1,3,1,3,3,1,2,2,1
531,8,2,6,3,5,1,3,2,1,1,1
532,4,1,4,3,5,7,1,2,1,1,1
533,11,2,1,3,2,3,1,1,1,1,1
534,14,1,4,3,3,3,1,1,1,1,1
535,8,1,1,1,2,2,1,1,1,1,1
536,1,1,6,3,2,1,1,1,1,1,1
537,7,1,1,1,2,3,3,1,2,1,1
538,8,2,2,3,1,8,1,1,1,1,1
539,2,1,1,3,2,4,1,2,1,1,1
540,4,1,3,1,2,3,1,1,1,1,1
541,4,1,3,1,1,6,3,1,1,2,1
542,15,1,1,1,1,3,1,1,1,1,1
543,9,1,1,3,5,3,3,1,1,1,1
544,14,1,6,3,2,3,3,1,1,1,1
545,4,2,2,1,2,3,1,1,1,2,1
546,4,2,1,3,4,3,3,1,1,1,1
547,18,1,5,1,1,3,3,1,1,1,1
548,10,1,1,3,3,3,3,1,1,1,1
549,11,2,1,3,2,3,1,1,1,2,2
550,12,2,3,3,4,3,3,1,1,1,1
551,10,1,2,1,5,6,1,1,1,1,2
552,4,2,2,1,1,2,1,1,1,1,1
553,14,1,1,3,1,5,1,1,1,1,1
554,4,2,2,1,2,3,3,1,1,1,2
555,2,1,1,1,3,1,3,2,1,1,1
556,16,1,1,1,5,5,3,2,1,1,1
557,16,2,1,1,1,3,3,1,1,1,2
558,10,1,3,1,2,3,3,2,1,1,1
559,8,2,4,1,2,3,3,1,1,1,1
560,14,2,6,1,2,4,1,1,1,1,1
561,1,1,5,3,5,3,3,1,2,1,1
562,15,1,2,3,1,1,3,2,1,1,1
563,7,1,5,1,5,3,3,1,1,1,1
564,4,1,1,1,5,2,1,2,2,2,2
565,4,1,3,1,5,3,3,1,1,1,1
566,4,1,1,3,2,3,3,2,1,1,1
567,2,1,3,1,3,7,3,1,1,1,1
568,3,1,1,2,2,3,3,2,2,1,1
569,6,1,1,1,5,2,3,1,1,1,1
570,8,1,6,1,2,6,1,2,1,1,1
571,3,2,3,2,2,8,3,1,2,1,1
572,1,2,1,3,1,6,3,1,1,1,2
573,2,1,4,2,2,3,5,1,1,1,1
574,8,1,1,1,5,6,3,1,1,1,1
575,15,2,1,3,2,3,3,2,1,2,1
576,8,1,5,1,5,8,3,2,2,1,1
577,4,1,2,1,2,7,3,1,1,1,1
578,16,1,2,1,5,6,3,1,1,2,1
579,7,1,1,3,3,3,1,1,1,1,1
580,14,1,1,3,4,3,3,1,1,1,1
581,17,2,4,1,2,7,1,1,1,1,2
582,4,1,1,3,3,3,2,1,1,1,1
583,4,1,2,3,2,7,3,1,1,1,1
584,17,1,1,1,5,3,1,2,1,2,1
585,4,2,4,1,2,3,1,1,2,2,1
586,4,1,4,1,5,3,4,1,1,1,2
587,2,1,1,1,5,3,3,1,1,1,1
588,8,1,1,1,2,3,3,2,1,1,1
589,16,1,2,2,3,3,3,1,2,2,1
590,16,1,1,1,5,3,3,1,1,1,1
591,4,1,1,3,5,3,3,1,2,2,2
592,8,1,2,3,5,3,5,2,1,2,1
593,4,1,1,3,2,3,3,1,1,2,1
594,8,1,1,1,5,3,3,1,2,1,1
595,6,1,1,1,2,7,3,2,1,1,1
596,8,1,1,3,5,3,2,2,1,1,1
597,7,1,3,3,2,3,3,1,1,1,1
598,4,1,2,1,1,7,1,1,1,1,1
599,8,2,1,1,1,8,3,1,2,1,1
600,4,1,1,1,2,5,5,1,1,1,1
601,16,2,1,1,5,5,2,1,1,1,1
602,4,1,3,1,5,3,3,2,1,1,1
603,7,2,6,1,2,7,3,1,1,1,1
604,16,1,1,2,5,3,3,1,1,1,1
605,8,1,6,3,2,3,2,1,1,1,1
606,4,2,3,1,5,3,3,1,1,1,1
607,8,2,4,1,5,7,1,2,2,1,1
608,8,2,3,1,5,3,2,2,1,1,1
609,4,1,1,1,5,3,1,1,1,1,1
610,2,1,1,1,2,5,1,2,1,1,2
611,4,1,1,1,1,3,1,2,1,1,1
612,4,1,2,1,1,3,3,2,1,1,1
613,16,1,2,1,3,6,3,1,2,1,2
614,6,2,3,3,5,3,3,1,1,1,1
615,8,1,5,3,2,3,3,2,1,1,1
616,12,1,1,3,5,1,1,1,1,1,1
617,8,1,1,3,3,3,1,2,1,1,2
618,4,1,2,3,1,3,3,2,1,1,1
619,4,1,1,3,2,5,1,1,1,1,1
620,4,1,6,1,5,3,2,1,1,2,2
621,7,2,5,3,5,3,3,2,1,1,1
622,4,1,2,1,5,3,1,1,1,1,1
623,4,1,3,2,1,2,3,1,1,1,1
624,9,2,4,1,2,3,3,1,1,1,1
625,8,2,1,1,2,7,1,1,1,1,1
626,7,2,5,1,5,4,1,1,1,1,1
627,4,1,2,1,1,7,3,1,1,1,1
628,4,1,2,3,1,3,3,2,1,1,1
629,14,1,5,1,2,1,5,1,1,1,1
630,8,2,1,2,5,3,3,2,1,2,1
631,8,2,1,2,2,3,1,1,1,2,1
632,12,1,2,3,1,3,2,2,1,1,1
633,14,1,3,3,2,3,3,1,1,1,1
634,4,2,1,1,5,8,3,1,1,1,1
635,8,1,1,1,2,7,3,1,1,1,1
636,4,1,4,1,2,5,3,1,1,2,1
637,4,1,2,1,2,7,2,1,1,1,1
638,4,1,1,3,2,5,1,1,1,1,1
639,12,1,1,1,5,3,3,2,1,1,1
640,15,1,1,3,5,3,2,2,1,1,1
641,4,1,2,2,4,3,3,1,1,1,1
642,4,2,1,1,2,7,5,1,1,1,1
643,10,2,1,3,5,2,3,1,1,1,1
644,8,2,1,3,5,3,1,2,1,2,1
645,4,1,1,1,2,3,3,1,1,1,1
646,8,1,2,1,5,8,1,1,1,1,1
647,2,1,1,3,2,3,1,1,1,1,2
648,4,1,1,1,5,8,1,1,1,2,1
649,10,2,1,1,2,3,3,1,1,1,1
650,14,1,6,2,5,3,3,1,1,1,1
651,8,1,2,2,5,3,3,1,1,1,1
652,2,2,4,2,5,2,3,1,1,1,1
653,1,1,3,1,5,3,3,1,1,1,2
654,4,1,2,3,1,3,1,1,1,1,2
655,7,1,1,1,5,4,3,2,1,1,2
656,14,2,1,3,1,3,1,2,1,1,1
657,14,1,3,3,1,6,1,1,1,1,1
658,4,1,6,3,5,3,3,1,1,1,1
659,4,1,2,3,2,3,1,1,2,2,1
660,4,1,1,3,5,1,3,1,1,1,1
661,4,2,2,3,2,3,1,1,1,1,1
662,2,2,1,3,5,3,3,2,1,1,1
663,10,1,6,2,5,3,5,1,1,1,2
664,12,1,5,1,3,3,1,1,1,1,1
665,4,2,5,3,1,3,3,2,1,1,1
666,9,1,3,2,2,3,1,1,2,2,2
667,8,1,1,3,2,4,1,1,1,1,2
668,8,1,1,1,2,3,2,2,1,1,2
669,4,2,3,2,1,2,3,1,1,1,1
670,16,2,2,2,2,4,3,2,1,1,1
671,8,1,3,1,2,3,1,1,1,1,1
672,8,2,6,1,5,3,3,2,1,1,1
673,16,2,6,2,2,5,1,1,2,1,2
674,4,1,1,1,4,3,3,1,1,2,1
675,4,2,1,3,2,1,1,1,1,1,1
676,4,1,1,1,2,3,1,1,1,1,1
677,10,1,5,3,3,3,3,1,1,1,1
678,15,1,2,1,1,6,3,1,1,2,1
679,4,1,2,3,2,3,1,1,1,1,1
680,16,1,3,1,1,3,2,1,2,1,1
681,8,2,1,3,2,3,1,1,1,1,1
682,4,1,2,1,2,7,3,2,1,1,1
683,16,1,3,2,1,2,3,1,2,2,1
684,5,1,6,3,2,3,3,1,1,1,2
685,16,2,5,1,5,3,5,2,1,2,1
686,4,1,1,1,1,7,3,1,1,1,1
687,10,1,2,3,1,5,5,2,1,1,2
688,8,2,1,1,2,3,1,2,2,2,1
689,4,2,2,1,5,6,5,1,1,1,1
690,4,2,1,3,5,3,1,1,1,1,2
691,4,2,1,1,5,7,3,2,1,1,1
692,15,1,2,1,2,1,3,1,1,1,1
693,15,1,1,3,2,4,3,1,1,1,1
694,10,1,1,1,4,3,3,1,1,1,1
695,19,2,1,1,2,2,1,1,2,1,1
696,14,1,2,1,2,3,3,2,1,1,1
697,15,2,6,1,3,5,1,1,2,1,1
698,5,1,5,3,5,1,5,2,1,1,1
699,8,2,2,1,2,2,3,2,1,1,1
700,4,1,1,1,1,3,1,1,1,1,1
701,4,1,2,1,1,6,3,1,1,1,1
702,3,1,2,1,2,3,2,2,1,1,1
703,8,1,1,2,2,5,3,1,1,1,2
704,4,2,1,1,1,3,1,2,1,1,2
705,4,1,2,1,2,7,2,1,1,1,1
706,7,2,4,3,1,1,3,2,1,1,1
707,10,1,1,3,3,1,1,1,1,1,2
708,16,2,1,3,1,3,5,2,1,1,1
709,4,1,1,3,2,7,2,1,1,1,1
710,8,1,1,1,2,3,3,2,2,2,2
711,2,1,4,1,2,3,5,1,1,1,1
712,4,2,6,3,5,1,1,1,1,1,1
713,2,2,2,1,5,3,3,1,1,1,2
714,1,1,6,2,3,3,1,1,1,1,2
715,4,1,1,3,1,3,1,1,1,1,1
716,8,2,2,3,2,3,3,1,1,1,1
717,4,2,5,3,2,3,3,1,1,2,1
718,8,1,1,1,1,5,3,2,1,1,1
719,16,1,3,1,4,3,3,1,1,2,1
720,9,1,2,3,1,3,1,1,1,1,1
721,4,2,5,1,5,3,3,1,1,1,1
722,4,2,4,3,3,3,2,2,1,1,1
723,7,1,3,2,1,3,1,1,1,1,1
724,11,2,1,1,2,3,3,1,2,1,1
725,4,1,1,1,2,6,3,1,2,1,1
726,4,1,2,1,2,1,1,1,1,2,1
727,4,1,1,1,1,6,1,1,1,1,1
728,8,1,3,2,2,3,3,2,1,2,1
729,3,1,2,3,5,3,3,1,1,1,1
730,8,1,1,1,2,3,3,1,1,1,1
731,4,2,5,1,5,7,3,1,2,1,1
732,12,2,1,1,2,1,3,1,2,1,1
733,4,1,1,3,2,3,1,2,1,1,2
734,8,1,3,3,2,1,5,1,1,1,1
735,8,1,1,1,2,2,3,2,2,1,1
736,14,2,3,3,3,6,1,1,1,1,2
737,2,2,5,1,2,8,1,1,1,1,1
738,12,2,1,1,2,3,3,2,1,1,2
739,11,1,2,1,1,3,3,1,1,1,1
740,8,2,1,2,2,1,2,1,1,2,1
741,8,1,5,3,5,1,3,2,1,1,1
742,7,1,1,3,2,3,1,1,1,1,1
743,8,1,6,3,2,3,3,1,1,1,2
744,2,1,3,3,5,3,3,1,1,1,2
745,4,1,1,3,5,8,5,1,1,1,1
746,2,1,1,3,2,3,1,1,1,1,2
747,1,1,3,3,3,3,1,1,1,1,1
748,4,1,1,1,5,3,3,1,1,1,1
749,2,1,1,3,1,3,3,1,1,1,1
750,4,1,4,3,3,3,1,2,1,1,1
751,4,1,1,1,4,5,3,2,1,1,2
752,1,1,2,3,1,8,1,1,1,2,1
753,4,1,1,1,5,4,5,1,1,1,1
754,14,1,3,3,2,3,1,1,1,1,1
755,2,2,1,3,1,3,1,2,2,1,1
756,11,1,3,3,1,3,5,1,1,1,1
757,4,2,1,2,2,3,3,1,1,2,1
758,10,1,3,3,5,3,3,1,1,1,1
759,7,1,1,3,3,1,1,1,1,1,1
760,8,1,1,3,2,3,3,1,1,1,1
761,4,2,5,3,5,1,3,2,1,1,1
762,8,2,1,3,2,3,3,1,1,2,1
763,4,1,1,3,2,3,1,1,1,1,1
764,16,1,1,1,2,3,5,2,1,1,1
765,7,1,2,1,2,7,1,1,2,1,1
766,4,1,2,3,1,7,3,1,1,1,2
767,4,1,1,1,1,3,1,2,1,1,1
768,4,1,1,2,3,3,1,1,1,1,1
769,9,1,1,1,2,8,5,1,2,1,1
770,4,1,5,3,2,3,3,1,1,1,1
771,4,2,1,1,2,3,3,2,1,2,2
772,4,1,6,1,2,3,1,1,1,2,1
773,19,1,4,1,5,2,1,1,1,1,1
774,4,2,1,1,1,2,1,2,1,1,1
775,4,2,1,1,3,8,2,1,2,1,1
776,2,1,1,3,5,3,3,1,1,2,1
777,4,1,1,3,1,7,3,1,1,1,1
778,17,1,2,1,5,6,5,1,1,1,1
779,4,1,5,1,1,3,3,1,1,1,1
780,16,2,1,2,1,1,3,2,2,1,1
781,16,2,1,1,2,3,3,1,1,1,2
782,9,1,5,3,4,3,3,1,2,1,1
783,4,1,4,1,5,6,3,2,1,1,2
784,2,1,1,3,2,5,2,1,2,1,1
785,4,1,1,3,5,3,3,1,1,1,1
786,4,1,1,1,4,7,1,1,1,1,2
787,9,2,1,3,5,3,1,1,2,1,1
788,9,2,2,1,5,3,3,2,1,1,1
789,4,2,1,1,2,7,3,2,1,1,1
790,4,1,5,3,5,3,3,1,2,2,1
791,7,1,1,3,1,3,3,1,1,1,1
792,13,2,1,2,2,3,3,1,2,1,2
793,4,2,1,3,2,3,5,1,1,1,1
794,4,1,1,1,1,8,1,1,2,1,1
795,4,1,1,1,1,3,3,1,2,1,1
796,7,1,1,1,2,3,3,1,1,1,1
797,16,1,1,1,3,3,3,1,1,1,1
798,7,1,1,3,2,7,1,1,1,1,1
799,4,1,6,3,1,3,3,1,1,1,1
800,2,1,4,1,1,1,1,1,1,2,1
801,15,2,2,3,5,1,5,1,1,2,1
802,4,1,2,1,5,3,3,1,1,1,1
803,7,1,1,3,5,8,1,1,1,2,1
804,4,1,1,1,2,3,3,1,1,1,1
805,19,2,1,1,2,3,3,1,1,1,2
806,12,2,5,1,2,3,1,2,2,1,2
807,4,2,4,3,3,3,1,1,1,1,2
808,4,1,1,1,2,2,3,1,1,1,1
809,5,2,4,1,5,3,1,1,2,1,1
810,2,1,1,1,5,3,1,1,1,1,1
811,8,2,1,2,1,6,3,1,1,1,1
812,4,2,4,1,2,2,5,1,1,1,1
813,8,2,2,3,2,3,3,2,1,1,1
814,12,1,1,2,5,3,3,1,2,1,1
815,9,1,5,1,2,1,3,1,2,1,1
816,12,1,1,1,3,3,3,1,1,1,1
817,2,2,5,1,2,2,3,1,1,2,1
818,4,2,2,1,3,7,3,2,2,1,1
819,4,2,1,3,2,3,1,1,2,1,1
820,9,1,1,1,5,6,3,1,1,1,1
821,7,1,2,1,5,3,5,1,1,2,1
822,4,1,1,1,1,5,3,1,1,1,1
823,7,2,1,3,2,3,4,1,1,1,1
824,4,2,2,1,5,3,3,1,1,1,1
825,4,1,4,1,2,3,1,1,1,1,1
826,6,1,2,2,2,4,3,1,1,1,1
827,15,2,1,3,2,3,3,1,2,1,1
828,19,1,1,1,3,3,1,2,1,1,2
829,8,1,2,1,2,3,3,1,1,1,1
830,16,2,1,3,1,3,3,2,1,1,1
831,4,1,3,3,1,3,3,1,1,1,1
832,4,2,2,3,3,3,3,1,1,1,1
833,8,1,1,1,5,2,1,2,1,1,1
834,4,1,1,1,1,2,3,1,1,1,1
835,15,2,1,1,2,1,3,2,1,1,1
836,2,1,5,1,2,5,3,1,1,1,1
837,16,1,2,1,2,3,1,1,2,1,1
838,4,1,3,1,5,3,2,1,1,1,1
839,16,2,1,1,2,3,3,1,1,1,1
840,4,1,3,2,1,3,3,1,1,2,1
841,2,1,1,1,5,8,2,1,2,1,2
842,14,1,2,3,5,2,4,2,1,1,1
843,15,2,1,1,2,3,3,1,1,1,1
844,4,1,2,1,3,3,1,1,1,1,1
845,4,1,1,1,2,3,3,2,1,1,1
846,4,2,3,3,5,7,5,1,1,1,1
847,4,1,1,1,5,3,3,1,1,1,2
848,2,1,4,1,2,3,3,1,1,1,1
849,18,1,5,1,5,1,1,2,1,1,2
850,4,1,1,1,3,8,3,1,1,1,1
851,4,1,3,3,5,3,3,1,1,2,1
852,8,1,1,1,1,3,5,1,2,1,2
853,4,1,1,1,3,8,1,1,1,1,1
854,2,1,2,3,2,3,3,1,1,1,1
855,4,1,5,1,5,7,1,1,2,1,1
856,4,1,6,1,1,3,3,2,1,1,1
857,4,1,1,1,2,3,1,1,2,1,1
858,4,1,3,1,2,8,3,1,1,1,1
859,6,2,2,1,5,7,3,1,2,1,1
860,8,2,1,3,2,3,1,1,1,1,1
861,16,1,1,3,1,3,1,1,1,1,1
862,4,2,2,1,2,3,3,1,1,1,1
863,14,2,5,1,3,4,1,1,2,1,1
864,4,1,1,1,3,3,5,2,1,1,1
865,8,2,5,3,2,3,1,2,1,1,1
866,4,2,1,3,2,7,1,1,2,2,1
867,8,1,2,3,1,3,3,1,1,1,1
868,8,1,4,3,4,3,1,1,2,1,1
869,7,2,1,1,2,3,3,1,1,1,1
870,4,1,3,1,1,3,3,1,1,1,1
871,2,1,1,3,2,3,2,1,1,1,1
872,4,2,5,3,2,3,1,1,2,1,1
873,9,1,1,1,2,2,1,1,1,2,1
874,4,1,1,1,2,3,3,1,1,2,1
875,4,1,1,3,2,3,3,1,1,1,1
876,8,2,2,1,5,7,3,1,1,1,1
877,4,1,2,3,3,3,2,1,1,1,1
878,7,2,1,2,3,3,3,1,1,1,1
879,4,1,1,1,5,1,2,1,1,1,1
880,14,2,4,1,3,3,3,1,1,2,1
881,4,2,1,1,3,3,1,2,2,1,2
882,14,1,2,3,1,3,1,1,1,1,1
883,15,1,6,3,1,1,3,1,1,1,1
884,4,1,1,3,2,3,5,2,1,1,1
885,4,1,3,2,3,8,1,1,1,1,1
886,2,2,1,1,5,3,5,2,1,1,1
887,14,2,1,3,1,3,3,1,1,1,1
888,8,2,4,1,4,8,1,1,1,1,1
889,4,1,5,2,1,3,3,1,1,1,1
890,8,2,1,3,2,8,3,1,1,1,1
891,13,2,1,1,5,1,3,2,1,1,1
892,2,1,6,3,2,3,1,2,1,1,2
893,10,2,1,3,3,1,1,1,1,1,1
894,16,1,1,3,2,7,1,1,1,1,1
895,2,2,1,1,5,4,5,1,1,1,2
896,7,2,3,3,2,3,3,1,1,2,1
897,6,1,1,1,1,3,1,1,1,1,1
898,7,2,1,1,5,3,3,1,1,1,1
899,2,1,1,3,5,1,1,1,1,1,1
900,14,2,1,3,2,3,3,2,1,1,1
901,9,1,1,3,4,6,1,1,1,1,2
902,15,1,2,3,2,3,1,1,1,1,1
903,4,2,2,3,5,3,1,1,1,1,1
904,2,1,1,3,1,3,3,1,2,2,2
905,7,1,1,3,1,2,3,1,1,1,1
906,3,2,3,3,1,3,2,1,1,1,1
907,8,2,1,1,5,1,3,1,1,1,1
908,18,1,1,1,3,5,4,1,1,2,1
909,4,1,2,2,3,3,3,2,2,1,1
910,4,1,4,2,2,3,3,1,1,1,2
911,4,1,1,1,2,6,5,1,1,2,1
912,8,1,1,1,2,3,1,2,1,1,1
913,15,2,1,1,2,5,1,1,1,2,1
914,8,2,1,3,2,3,1,1,1,1,1
915,8,1,5,3,1,2,1,1,1,1,1
916,14,2,5,3,2,3,3,1,1,1,1
917,2,1,1,1,1,1,1,1,1,1,1
918,4,2,5,1,1,3,1,1,1,1,1
919,2,2,2,3,5,3,3,2,1,1,1
920,10,2,3,1,5,3,3,1,1,1,2
921,4,2,4,1,5,5,3,1,1,1,1
922,2,1,6,1,3,4,5,1,1,1,1
923,1,2,2,3,5,3,1,1,1,1,1
924,2,1,1,1,2,5,1,1,1,1,1
925,4,2,4,3,5,8,5,1,1,1,1
926,10,1,1,3,5,2,1,1,1,1,1
927,7,1,2,1,5,1,3,1,1,1,1
928,4,1,6,3,2,3,3,2,1,2,1
929,8,1,1,3,2,1,3,1,1,1,2
930,4,1,2,3,5,8,5,2,1,1,1
931,8,2,4,3,5,6,1,2,1,1,2
932,8,1,1,1,2,3,3,2,1,2,2
933,6,1,2,3,1,3,3,1,1,1,1
934,4,1,1,2,5,4,1,2,2,1,1
935,4,1,1,1,5,3,3,1,1,1,1
936,4,1,2,1,3,3,3,1,1,2,1
937,14,1,1,3,2,3,3,1,2,1,1
938,8,1,1,3,3,3,2,2,1,1,2
939,10,2,1,1,2,7,1,2,1,1,1
940,8,1,3,1,2,3,1,1,1,1,1
941,9,2,5,1,2,3,1,1,1,2,1
942,8,1,5,3,2,1,1,1,2,1,1
943,8,2,5,2,2,8,2,1,2,1,1
944,1,2,4,1,2,4,1,1,2,1,1
945,4,1,1,1,5,3,3,2,1,1,2
946,2,1,1,2,1,1,1,1,1,1,1
947,9,2,4,1,5,3,3,2,1,1,1
948,4,1,1,1,5,3,3,2,1,2,1
949,4,2,5,1,2,6,1,1,1,1,1
950,4,1,3,1,2,7,3,1,1,1,1
951,4,1,1,2,1,3,3,1,1,2,1
952,4,1,2,1,4,3,3,1,1,1,2
953,8,2,1,1,1,2,1,1,1,2,1
954,12,1,1,3,1,3,3,2,2,1,2
955,9,1,1,1,2,3,3,1,1,1,2
956,3,1,3,3,2,3,2,1,1,2,1
957,8,2,6,1,2,8,2,1,1,1,2
958,19,2,1,1,3,3,1,1,1,1,1
959,4,1,1,1,1,4,3,2,1,2,1
960,7,2,2,1,5,1,3,1,1,2,1
961,17,1,5,3,2,1,1,1,1,1,1
962,14,2,1,3,5,3,1,2,1,2,1
963,2,2,3,3,2,4,1,1,1,1,2
964,4,1,1,1,4,8,1,1,1,1,1
965,8,1,1,2,5,4,3,1,2,1,2
966,10,2,1,1,3,5,3,2,1,1,2
967,4,2,1,1,2,3,3,1,1,1,1
968,8,2,1,3,2,3,3,1,1,1,1
969,8,1,1,3,4,3,3,1,1,1,1
970,4,1,3,1,2,8,3,1,1,1,1
971,4,1,1,1,5,1,5,1,1,1,1
972,2,1,5,3,5,3,1,2,2,2,1
973,4,1,1,1,5,1,3,1,1,1,1
974,16,1,1,3,3,3,3,1,1,1,1
975,4,1,1,1,3,7,1,1,1,1,1
976,10,1,1,1,5,8,1,1,1,1,1
977,14,1,3,1,2,7,1,1,1,1,2
978,1,2,2,1,2,6,1,1,1,1,1
979,2,1,1,2,3,1,5,1,1,1,1
980,4,1,1,1,5,8,3,1,1,1,1
981,12,1,5,1,2,3,1,1,1,1,1
982,7,1,1,1,2,3,1,1,1,1,1
983,4,1,3,1,1,3,1,1,1,2,1
984,4,1,1,3,2,1,1,1,1,1,1
985,10,1,1,1,5,3,3,1,1,1,1
986,4,1,4,3,5,1,1,1,1,1,1
987,6,1,6,3,3,3,1,2,1,1,1
988,4,1,1,1,3,6,3,2,1,1,1
989,2,1,1,3,5,3,1,1,1,1,1
990,4,1,2,1,5,1,1,1,1,1,1
991,8,2,1,1,2,3,3,1,2,1,1
992,9,1,1,1,1,3,3,1,1,1,1
993,4,1,2,1,5,3,3,2,1,1,1
994,4,1,1,1,2,2,3,1,1,1,1
995,2,2,6,2,1,1,1,1,1,1,1
996,8,1,1,3,5,3,5,1,1,2,1
997,15,1,3,2,2,3,3,1,1,1,1
998,4,1,3,3,2,3,3,1,1,1,1
999,15,2,1,3,5,3,3,1,1,1,2
