AGEP,SEX,EDU,MSP,PINCP,HOUSING_TYPE,OWN_RENT,DENSITY
32.0,2,3,2,192764.0,1,0,114.7049789428711
77.0,1,2,1,409663.0,1,0,139.73101806640625
60.0,1,4,1,327905.0,1,1,108.3879623413086
19.0,2,5,2,124008.0,2,1,131.20748901367188
87.0,2,1,3,466883.0,2,0,114.61275482177734
23.0,1,4,3,168122.0,1,0,95.43119812011719
61.0,2,5,2,354960.0,2,0,128.2711639404297
88.0,1,5,3,478796.0,2,0,145.23275756835938
70.0,1,3,4,368382.0,1,2,124.76661682128906
36.0,1,2,5,190074.0,1,2,99.45402526855469
95.0,2,4,2,495776.0,1,0,80.45653533935547
53.0,1,3,2,313835.0,2,1,139.4969940185547
49.0,1,3,3,272444.0,2,1,102.02962493896484
58.0,2,3,1,324766.0,1,0,122.91817474365234
47.0,2,3,3,288103.0,2,0,107.64165496826172
16.0,1,6,3,123061.0,2,0,127.18280029296875
41.0,1,4,5,253470.0,2,0,119.56251525878906
14.0,1,6,3,113196.0,2,1,120.4638900756836
21.0,1,2,2,133360.0,1,1,92.13847351074219
15.0,1,3,3,111767.0,2,0,138.8279266357422
14.0,1,3,2,87677.0,1,1,103.68135070800781
59.0,2,1,2,325289.0,1,1,173.26919555664062
22.0,1,5,1,143274.0,2,1,120.26538848876953
27.0,1,3,4,177610.0,1,0,111.12882995605469
26.0,2,4,3,146178.0,2,1,150.98878479003906
90.0,1,6,3,468849.0,1,1,142.70159912109375
16.0,1,2,3,121695.0,1,0,127.23539733886719
63.0,2,5,1,359984.0,1,0,101.12642669677734
92.0,2,3,5,512278.0,1,1,102.71455383300781
89.0,1,4,3,477055.0,2,0,115.134521484375
29.0,1,5,3,163227.0,2,0,101.70013427734375
40.0,1,5,3,238810.0,1,0,109.64559936523438
29.0,1,3,2,182630.0,1,1,126.41754913330078
65.0,1,5,4,349661.0,2,1,101.97659301757812
69.0,2,6,2,390197.0,1,0,102.8188247680664
26.0,1,5,2,159586.0,1,1,113.49474334716797
84.0,1,5,4,454381.0,2,0,154.94862365722656
35.0,1,2,2,192798.0,2,0,125.8436050415039
38.0,2,1,2,228688.0,2,0,113.24274444580078
73.0,1,3,2,396470.0,1,1,104.6709213256836
23.0,2,4,4,156991.0,1,0,121.31853485107422
77.0,2,6,4,433601.0,1,1,107.9045639038086
61.0,1,2,2,327228.0,1,1,103.7921371459961
70.0,2,4,3,381904.0,1,1,110.30170440673828
64.0,1,4,2,362153.0,1,0,130.86871337890625
84.0,1,5,3,458647.0,1,1,80.25450134277344
91.0,2,5,3,502720.0,1,1,59.259944915771484
21.0,1,3,1,138977.0,2,0,119.52346801757812
61.0,2,2,6,357211.0,1,0,103.57411193847656
37.0,1,2,3,194998.0,2,1,134.2777557373047
74.0,1,4,4,394685.0,2,1,91.83855438232422
89.0,1,4,5,468204.0,2,1,164.75714111328125
29.0,2,5,3,174746.0,1,1,97.35568237304688
18.0,1,3,2,108092.0,2,1,118.71641540527344
57.0,2,6,2,314661.0,1,1,115.8213882446289
66.0,2,2,3,369895.0,2,0,117.35823822021484
25.0,1,3,2,151570.0,2,1,119.84333801269531
44.0,1,3,4,259562.0,2,1,132.2666015625
87.0,2,5,2,456792.0,2,0,142.10885620117188
61.0,1,4,2,336862.0,1,2,113.80874633789062
56.0,2,2,2,303466.0,1,2,122.4513931274414
24.0,2,6,2,169814.0,1,0,96.701904296875
47.0,1,3,4,255550.0,1,0,119.13092803955078
23.0,1,1,4,142548.0,1,1,104.42797088623047
54.0,2,6,2,309836.0,1,1,48.042633056640625
23.0,1,6,2,149517.0,1,0,99.6974105834961
75.0,2,4,2,385969.0,2,2,97.83120727539062
44.0,2,5,2,251734.0,2,1,127.60970306396484
29.0,1,4,3,176897.0,2,1,128.38502502441406
63.0,2,3,2,347864.0,2,0,91.99958801269531
21.0,2,2,3,145690.0,2,1,104.97618103027344
66.0,1,4,2,365624.0,2,1,126.6105728149414
64.0,1,2,2,356799.0,2,1,117.74210357666016
81.0,2,2,3,429033.0,2,0,158.86419677734375
12.0,2,5,4,94001.0,1,1,105.89811706542969
38.0,1,3,3,226918.0,2,1,120.51590728759766
83.0,1,6,2,453310.0,1,1,103.18467712402344
8.0,1,3,3,62308.0,2,1,151.86044311523438
29.0,2,3,3,164704.0,1,2,133.19981384277344
41.0,1,6,4,241246.0,1,0,145.08169555664062
59.0,2,2,4,335615.0,1,1,134.25680541992188
27.0,1,2,3,180327.0,2,1,112.93841552734375
78.0,1,2,4,448458.0,1,1,105.04805755615234
56.0,1,3,1,303912.0,2,1,139.62319946289062
48.0,1,3,2,273354.0,1,1,111.9314956665039
12.0,1,5,2,94571.0,1,1,152.77279663085938
22.0,2,4,4,139573.0,2,2,119.808837890625
32.0,2,5,2,198950.0,1,0,138.45709228515625
67.0,2,3,3,375923.0,1,0,70.34751892089844
82.0,1,5,3,460517.0,1,0,134.580078125
69.0,2,4,3,371821.0,2,1,111.85893249511719
55.0,1,5,3,305544.0,2,1,94.72303009033203
81.0,1,4,4,434397.0,1,0,132.6861572265625
59.0,1,4,1,312636.0,2,1,142.2994842529297
74.0,1,3,3,400483.0,1,0,142.36648559570312
20.0,1,3,2,137939.0,2,1,131.49911499023438
63.0,2,1,3,349661.0,1,0,97.25110626220703
52.0,1,5,3,314463.0,1,1,114.37158203125
33.0,2,6,3,212129.0,1,0,92.92438507080078
85.0,1,4,5,453269.0,1,1,81.37028503417969
65.0,1,5,2,374435.0,1,0,123.31153869628906
8.0,2,3,3,69450.0,1,1,98.37053680419922
15.0,2,2,3,114290.0,2,1,133.57083129882812
21.0,1,5,3,131701.0,1,1,115.5317153930664
46.0,2,3,1,261514.0,2,1,136.85533142089844
40.0,1,5,2,236972.0,1,1,119.489501953125
79.0,1,1,2,426925.0,2,1,75.83378601074219
82.0,2,1,3,431971.0,2,2,117.32112121582031
22.0,2,4,6,147665.0,2,1,158.9068603515625
49.0,1,1,1,269786.0,1,0,85.11241149902344
91.0,1,5,3,484404.0,2,2,138.59710693359375
17.0,1,2,3,113792.0,1,1,102.12250518798828
34.0,1,2,3,203392.0,2,0,159.27716064453125
82.0,1,2,2,429028.0,2,1,115.92700958251953
19.0,2,3,2,99183.0,2,0,99.81846618652344
10.0,1,5,3,81546.0,1,1,140.32681274414062
50.0,2,3,2,287974.0,1,0,101.91179656982422
32.0,1,4,5,201673.0,2,0,142.59552001953125
20.0,1,4,3,132792.0,1,1,109.64049530029297
61.0,1,2,1,338486.0,1,2,104.99586486816406
82.0,2,1,4,447935.0,2,0,96.70097351074219
37.0,2,1,3,206747.0,1,2,124.55603790283203
55.0,1,2,2,306886.0,1,0,93.70987701416016
45.0,1,1,3,242812.0,1,1,104.41276550292969
90.0,2,3,4,498603.0,2,1,135.0000457763672
36.0,2,4,3,218947.0,2,1,107.81841278076172
11.0,1,5,2,91406.0,2,0,93.96888732910156
85.0,1,4,3,467481.0,1,2,123.7031478881836
56.0,1,1,1,310872.0,1,1,93.50996398925781
58.0,2,2,5,323793.0,2,0,89.80110168457031
72.0,1,4,2,392194.0,1,0,81.8201675415039
53.0,2,3,4,280153.0,1,1,121.5442123413086
42.0,2,4,2,242710.0,1,1,76.73004150390625
78.0,2,5,2,425714.0,1,2,111.76776885986328
69.0,2,5,2,400460.0,2,1,128.86358642578125
39.0,2,4,2,234613.0,2,1,101.71409606933594
37.0,2,4,3,233183.0,2,1,116.0069351196289
83.0,2,2,2,441107.0,2,1,105.26737213134766
88.0,1,4,2,469472.0,2,0,125.3927993774414
11.0,2,3,3,98095.0,1,0,117.01041412353516
23.0,1,4,3,151576.0,1,0,58.7065315246582
49.0,2,1,2,273451.0,2,1,118.23908996582031
77.0,1,3,3,407854.0,2,2,116.29199981689453
53.0,1,4,1,311013.0,1,1,111.84078979492188
49.0,2,5,3,277272.0,1,1,87.38407897949219
55.0,2,5,2,317709.0,1,1,110.1025161743164
87.0,2,1,5,475288.0,1,1,89.63253021240234
70.0,1,3,1,371498.0,1,1,101.3954849243164
16.0,2,2,4,112104.0,1,1,75.6417007446289
46.0,2,4,4,261797.0,1,1,101.67168426513672
24.0,2,4,2,154148.0,2,1,136.1480255126953
72.0,2,1,3,383970.0,2,1,99.76688385009766
17.0,1,5,5,139180.0,1,1,118.24954986572266
54.0,2,5,3,313520.0,1,0,124.96869659423828
15.0,1,4,2,120766.0,1,0,96.90664672851562
6.0,2,1,2,72098.0,1,1,96.89228820800781
49.0,1,1,2,288585.0,1,0,115.91325378417969
51.0,1,3,2,298536.0,2,1,98.52342224121094
75.0,1,5,5,413794.0,2,1,105.26551818847656
31.0,2,5,3,194471.0,1,0,84.79237365722656
68.0,2,6,3,377329.0,1,0,99.88594818115234
87.0,1,5,1,476791.0,1,0,107.89842987060547
26.0,1,3,3,158742.0,1,1,113.01641845703125
44.0,2,3,2,253928.0,2,0,136.41317749023438
50.0,1,5,3,287360.0,1,1,119.1087417602539
84.0,2,5,3,453460.0,1,1,99.57351684570312
49.0,1,5,2,292644.0,2,1,109.83879089355469
53.0,2,3,3,303857.0,2,0,108.1645736694336
41.0,2,3,3,221362.0,1,0,122.10536193847656
8.0,1,3,3,80604.0,2,0,149.67420959472656
61.0,2,4,2,352412.0,1,0,80.79150390625
16.0,1,4,2,131519.0,2,0,135.44692993164062
42.0,1,2,4,234268.0,1,1,113.26815032958984
39.0,2,6,2,236764.0,2,1,113.9095458984375
77.0,2,2,2,416743.0,2,1,107.75432586669922
88.0,1,2,2,470881.0,1,1,135.55621337890625
23.0,1,4,4,149705.0,2,2,111.63628387451172
79.0,2,5,3,436866.0,1,1,111.59915924072266
7.0,1,2,2,67031.0,1,1,99.35726928710938
17.0,1,1,2,100929.0,1,2,75.34649658203125
44.0,1,3,1,261415.0,2,0,129.9090118408203
45.0,2,2,4,255362.0,1,1,90.3830795288086
24.0,1,1,3,144236.0,1,0,81.05516052246094
64.0,1,5,1,352950.0,1,2,109.47084045410156
13.0,2,2,4,103836.0,1,1,122.5929946899414
36.0,1,6,2,216051.0,2,1,84.79248809814453
26.0,2,3,2,157729.0,2,0,152.42428588867188
71.0,2,3,3,400710.0,2,0,120.3239974975586
35.0,1,6,3,224901.0,1,1,82.85543823242188
84.0,2,2,2,458822.0,2,2,140.99127197265625
58.0,2,1,2,330978.0,1,0,109.05337524414062
19.0,2,5,3,127606.0,1,2,87.95673370361328
13.0,1,3,2,91689.0,1,1,73.9676513671875
71.0,1,1,3,399430.0,2,0,127.85018920898438
68.0,2,2,2,353680.0,2,0,135.3671417236328
56.0,2,4,2,318499.0,1,2,93.62179565429688
92.0,1,5,3,502246.0,1,1,134.9720458984375
40.0,2,1,2,260578.0,1,0,119.18344116210938
48.0,1,5,2,267967.0,2,1,125.06885528564453
20.0,1,2,2,127729.0,1,0,130.49652099609375
75.0,1,6,1,401363.0,2,2,113.73423767089844
45.0,1,1,4,253031.0,1,0,128.97853088378906
26.0,1,1,3,156688.0,1,1,77.61250305175781
20.0,2,1,2,128342.0,1,1,95.61433410644531
53.0,1,5,1,310590.0,1,2,117.23907470703125
63.0,1,4,1,360960.0,1,1,104.1551513671875
28.0,2,6,3,192515.0,1,0,118.30191040039062
84.0,2,3,2,447468.0,2,1,111.59062957763672
36.0,2,1,4,233403.0,2,0,139.043701171875
93.0,1,1,1,509001.0,1,0,89.572021484375
27.0,2,1,2,173158.0,2,0,103.99768829345703
60.0,1,2,2,326062.0,1,0,83.46829223632812
43.0,2,1,4,244437.0,1,1,82.31048583984375
88.0,2,5,4,480383.0,1,0,111.64190673828125
38.0,1,2,2,224568.0,1,1,122.49755859375
77.0,2,3,4,413635.0,1,2,114.84928131103516
16.0,2,4,4,118318.0,2,0,84.11274719238281
25.0,1,3,3,173550.0,1,0,87.4366455078125
56.0,1,5,3,337725.0,1,0,109.22852325439453
85.0,2,2,1,461144.0,1,1,156.04000854492188
62.0,2,1,2,347878.0,1,1,87.0533447265625
35.0,2,1,4,188517.0,1,1,111.31590270996094
87.0,1,1,4,445516.0,1,1,117.5013427734375
15.0,1,1,3,101696.0,2,1,122.81227111816406
37.0,2,4,4,224910.0,2,2,109.8775634765625
40.0,2,5,3,249536.0,1,1,100.22186279296875
80.0,1,5,3,450244.0,1,0,92.67178344726562
69.0,2,4,3,379725.0,1,1,93.64248657226562
25.0,1,4,3,170553.0,2,0,145.20350646972656
76.0,2,5,3,425993.0,1,0,101.1264419555664
40.0,2,5,2,251850.0,2,0,129.79876708984375
55.0,2,5,2,324353.0,2,1,93.525634765625
87.0,1,3,3,465284.0,1,2,121.33721923828125
81.0,1,4,2,440792.0,2,1,125.48277282714844
32.0,1,4,3,178228.0,1,1,104.09898376464844
76.0,1,3,3,433014.0,2,1,144.48388671875
34.0,1,5,1,202156.0,1,2,111.30590057373047
66.0,2,2,2,368476.0,1,1,100.6339340209961
20.0,1,1,3,146788.0,1,0,91.03633117675781
91.0,1,5,2,510276.0,1,0,104.16937255859375
81.0,2,3,6,447578.0,1,1,121.74097442626953
84.0,2,4,2,448658.0,1,1,92.78904724121094
64.0,2,3,2,370260.0,1,1,99.97914123535156
41.0,1,5,4,244634.0,1,1,105.10800170898438
87.0,1,5,3,477417.0,1,1,93.49978637695312
58.0,1,1,3,327146.0,2,1,107.52523803710938
91.0,2,4,2,497114.0,2,0,102.65253448486328
82.0,1,1,5,443156.0,1,1,115.18841552734375
27.0,2,3,6,177585.0,1,1,76.1837158203125
69.0,2,5,1,382953.0,1,2,144.53857421875
78.0,2,4,3,419967.0,1,1,81.1745376586914
51.0,2,5,2,283357.0,1,1,137.3794708251953
73.0,1,4,4,388664.0,1,1,118.34362030029297
34.0,1,5,3,198689.0,2,1,123.926513671875
46.0,2,4,4,272244.0,1,1,95.78936004638672
34.0,2,2,1,210323.0,1,0,92.9754409790039
61.0,1,3,2,361567.0,2,0,107.7275619506836
87.0,2,6,3,471449.0,2,0,96.97601318359375
78.0,1,3,2,417112.0,1,2,124.49790954589844
82.0,2,2,3,443751.0,2,1,129.18113708496094
82.0,1,3,2,445118.0,2,1,159.68267822265625
41.0,2,2,3,239170.0,1,1,80.41432189941406
12.0,2,4,4,96805.0,1,0,90.90133666992188
65.0,1,3,4,375377.0,2,1,111.03038024902344
54.0,2,5,3,308320.0,1,1,148.99595642089844
57.0,2,6,3,314452.0,1,1,89.30856323242188
60.0,2,5,3,341475.0,1,0,124.41000366210938
37.0,2,2,1,212716.0,1,1,119.59700775146484
25.0,2,4,2,145973.0,1,1,115.79762268066406
76.0,2,3,3,400309.0,1,1,118.01235961914062
40.0,2,5,1,249218.0,1,1,103.31063842773438
12.0,2,1,4,97770.0,1,1,106.01268768310547
52.0,2,6,2,309483.0,1,1,105.95323181152344
18.0,1,2,2,116642.0,1,0,129.9171905517578
55.0,2,2,3,316256.0,2,0,115.96769714355469
47.0,1,5,2,265405.0,2,1,125.51034545898438
35.0,1,5,3,198069.0,1,2,123.92213439941406
27.0,2,6,3,156407.0,1,2,110.26939392089844
85.0,2,5,3,478706.0,1,1,135.03085327148438
65.0,1,4,2,369611.0,1,1,103.07270050048828
28.0,2,4,2,180043.0,2,1,105.7871322631836
90.0,2,4,5,489638.0,1,1,127.00545501708984
71.0,1,6,3,405651.0,1,0,125.70452880859375
45.0,2,2,3,250928.0,1,1,131.71986389160156
82.0,2,5,1,445940.0,1,1,112.60807800292969
52.0,2,2,3,282175.0,2,2,107.68304443359375
79.0,1,5,4,433043.0,1,1,105.31512451171875
79.0,2,6,3,428224.0,2,2,167.7237548828125
10.0,1,4,3,94322.0,2,0,136.34767150878906
34.0,1,3,2,203575.0,2,1,114.30799865722656
59.0,1,3,1,330083.0,1,1,87.23408508300781
36.0,2,5,1,203481.0,1,1,88.33760070800781
21.0,2,1,2,137892.0,2,1,119.07645416259766
44.0,1,5,3,257130.0,2,0,147.19003295898438
67.0,1,4,4,366662.0,2,0,110.3786392211914
70.0,1,5,4,370523.0,1,0,101.05339050292969
93.0,1,3,3,489121.0,1,2,117.79905700683594
93.0,1,3,3,511720.0,2,0,102.80598449707031
41.0,1,4,3,230083.0,1,1,117.22235870361328
90.0,1,4,2,476361.0,2,0,134.38938903808594
61.0,1,5,2,325465.0,2,1,129.7388916015625
11.0,1,3,3,83880.0,2,1,133.0696563720703
43.0,1,3,2,269466.0,1,0,94.5693130493164
77.0,2,5,3,430475.0,1,1,87.84473419189453
61.0,2,2,3,343716.0,2,1,93.62630462646484
59.0,1,4,3,330144.0,1,1,120.477783203125
58.0,2,6,1,324843.0,1,2,126.92979431152344
40.0,2,5,1,240534.0,1,1,138.75177001953125
41.0,2,3,3,246218.0,1,1,82.1935806274414
77.0,1,5,3,423025.0,2,1,77.32955169677734
23.0,1,4,3,155586.0,2,0,151.67884826660156
67.0,1,2,4,368475.0,1,1,115.38613891601562
85.0,2,5,2,463781.0,1,0,107.28863525390625
72.0,1,3,3,401630.0,1,1,91.56080627441406
82.0,1,2,1,450615.0,1,0,114.84008026123047
66.0,1,5,3,363099.0,2,1,138.46278381347656
61.0,1,3,4,339139.0,2,1,136.84425354003906
65.0,1,2,3,353179.0,2,0,123.6812973022461
77.0,1,2,2,399324.0,1,1,114.11463928222656
46.0,2,2,3,259913.0,1,1,111.07048797607422
64.0,2,3,4,346027.0,1,1,78.00799560546875
82.0,1,2,3,403339.0,1,2,129.40843200683594
53.0,2,2,2,305948.0,1,1,122.3092269897461
65.0,1,4,3,354955.0,2,0,154.58262634277344
31.0,2,2,2,186759.0,1,1,106.078857421875
18.0,2,3,3,109546.0,1,1,103.34233093261719
23.0,2,4,3,165309.0,1,0,102.2599868774414
58.0,1,4,3,317999.0,1,1,77.71566772460938
44.0,2,2,3,246710.0,1,1,100.67300415039062
23.0,1,4,3,158873.0,1,1,97.40813446044922
88.0,2,2,2,468671.0,2,1,130.53005981445312
13.0,2,2,4,92409.0,2,1,74.91410827636719
48.0,2,4,2,272186.0,2,1,108.37432098388672
77.0,1,6,2,426774.0,1,0,113.9549560546875
39.0,1,2,4,219325.0,2,1,136.33453369140625
72.0,1,5,3,390681.0,1,1,98.374755859375
75.0,2,6,3,430770.0,1,0,110.85032653808594
65.0,2,2,6,360845.0,2,0,89.57073211669922
47.0,2,5,4,284257.0,2,0,122.70578002929688
10.0,2,4,3,84897.0,2,0,120.43263244628906
83.0,1,5,3,444638.0,1,1,101.44746398925781
46.0,1,3,2,253913.0,1,1,126.66614532470703
57.0,2,4,2,311718.0,1,0,106.51908874511719
39.0,1,1,3,243665.0,1,0,84.80278015136719
63.0,1,4,5,363190.0,2,1,112.75602722167969
54.0,1,2,2,287650.0,2,1,107.17522430419922
43.0,2,4,3,247049.0,2,0,108.5613784790039
61.0,2,3,3,345140.0,1,0,80.28904724121094
32.0,2,2,3,181604.0,2,1,103.55176544189453
81.0,2,4,3,442699.0,1,1,99.95687866210938
36.0,1,3,2,217383.0,1,1,93.49624633789062
58.0,2,5,1,341620.0,2,1,155.55645751953125
69.0,1,3,2,372942.0,1,0,126.26378631591797
60.0,2,4,5,328433.0,2,1,127.0423355102539
40.0,1,5,2,223421.0,1,0,69.39743041992188
55.0,1,3,3,292093.0,2,1,100.07121276855469
41.0,1,6,3,233995.0,2,1,125.64492797851562
78.0,2,5,3,430596.0,1,0,123.1398696899414
28.0,2,5,3,184629.0,1,0,110.12686157226562
45.0,2,4,3,263038.0,1,1,78.12603759765625
58.0,2,3,3,317616.0,1,1,105.51949310302734
59.0,1,1,2,327017.0,2,0,114.87985229492188
95.0,2,3,2,515275.0,2,0,152.70391845703125
88.0,1,3,1,461809.0,1,0,64.77815246582031
14.0,2,4,3,108639.0,2,0,106.65010070800781
13.0,2,2,5,88570.0,1,1,131.188720703125
46.0,2,5,3,259100.0,1,1,89.99984741210938
57.0,2,3,2,320271.0,1,1,107.08709716796875
76.0,2,5,3,423472.0,2,0,144.4272918701172
44.0,1,4,3,271618.0,2,0,120.12230682373047
49.0,2,3,4,278678.0,2,1,117.41876983642578
74.0,2,5,4,413167.0,1,0,137.40115356445312
85.0,2,5,2,456420.0,1,0,92.83348846435547
63.0,2,6,2,352667.0,2,1,162.09039306640625
21.0,2,2,3,146120.0,1,0,124.08114624023438
47.0,1,6,1,288085.0,2,0,109.9010009765625
15.0,1,2,2,93993.0,2,2,104.58527374267578
29.0,1,4,4,192946.0,2,1,148.70703125
95.0,1,4,2,505202.0,2,0,114.07693481445312
22.0,1,2,2,135708.0,2,0,131.9073028564453
88.0,2,5,2,477518.0,1,2,130.6721649169922
91.0,2,5,3,507590.0,1,1,111.22527313232422
51.0,1,5,3,270596.0,2,0,102.34867858886719
34.0,2,2,3,214515.0,2,1,128.1732177734375
89.0,1,3,3,477884.0,1,1,113.85636901855469
79.0,2,5,3,440602.0,2,1,130.35134887695312
91.0,2,4,4,473029.0,2,0,150.39907836914062
90.0,2,6,2,483785.0,2,0,117.26773071289062
66.0,2,5,3,355351.0,1,2,114.40040588378906
59.0,2,5,3,337061.0,1,1,103.0823974609375
23.0,1,4,3,150986.0,2,0,131.45321655273438
41.0,1,5,3,233013.0,1,1,79.60134887695312
79.0,1,4,4,424910.0,1,1,105.50880432128906
25.0,1,3,3,164494.0,1,1,141.98118591308594
33.0,2,6,5,186000.0,1,1,78.84679412841797
71.0,1,1,4,400534.0,1,0,110.66136169433594
94.0,2,4,6,507071.0,1,0,142.38577270507812
18.0,2,5,5,125193.0,2,1,114.86900329589844
33.0,2,6,3,210285.0,1,0,113.90972137451172
14.0,2,4,3,102095.0,1,2,107.03191375732422
59.0,2,5,3,334306.0,2,1,76.74569702148438
41.0,1,3,1,245330.0,1,1,84.49783325195312
60.0,1,5,3,334058.0,1,1,95.56458282470703
81.0,1,3,2,444014.0,1,0,123.27497863769531
72.0,1,5,5,367230.0,1,2,135.6346435546875
26.0,1,4,2,161187.0,1,1,90.66500854492188
53.0,1,5,3,298242.0,1,1,106.2774887084961
25.0,2,4,3,146466.0,1,2,118.38458251953125
27.0,1,5,2,176915.0,1,0,91.52394104003906
10.0,1,5,3,97892.0,1,1,121.60525512695312
60.0,2,2,3,335850.0,1,0,121.37294006347656
79.0,2,2,1,428443.0,1,1,104.74462890625
54.0,1,3,3,294849.0,1,0,62.74225616455078
45.0,1,4,3,258822.0,1,0,122.11387634277344
37.0,2,2,1,224943.0,1,1,106.43168640136719
44.0,2,1,2,247450.0,1,0,128.11155700683594
74.0,1,4,3,401039.0,2,1,118.73942565917969
12.0,1,1,2,94761.0,1,0,116.0078125
47.0,1,4,2,286109.0,2,0,110.87040710449219
57.0,1,3,2,303066.0,1,0,106.5793228149414
44.0,1,4,2,256252.0,1,1,98.74446105957031
78.0,1,5,4,416628.0,1,1,120.90337371826172
27.0,1,4,2,178706.0,2,0,152.7398223876953
94.0,2,6,3,500437.0,2,1,101.77161407470703
77.0,1,6,3,429987.0,1,0,110.8380126953125
64.0,1,5,3,370960.0,2,0,95.53894805908203
28.0,1,4,2,168733.0,1,0,58.96549606323242
91.0,2,4,4,496695.0,2,0,120.14524841308594
76.0,1,5,3,402285.0,1,1,95.63323211669922
21.0,2,2,1,118364.0,1,1,121.12181854248047
82.0,2,5,4,449294.0,1,2,91.61588287353516
58.0,1,5,1,325572.0,1,2,78.52947998046875
64.0,2,5,2,348778.0,1,1,123.46315002441406
69.0,2,3,4,397784.0,2,0,95.52423095703125
93.0,1,5,5,498013.0,1,1,136.82467651367188
91.0,1,2,2,485287.0,2,0,126.42858123779297
24.0,2,6,3,155142.0,1,1,100.32295227050781
28.0,1,1,3,171674.0,1,1,87.3716812133789
59.0,2,2,3,318354.0,2,2,123.37675476074219
22.0,1,2,3,144034.0,2,1,154.57481384277344
71.0,2,4,5,371373.0,1,0,132.12954711914062
21.0,1,4,4,141915.0,1,1,118.68358612060547
23.0,2,2,4,144747.0,2,1,156.12322998046875
52.0,1,5,4,317066.0,2,1,138.33718872070312
30.0,2,4,4,192245.0,2,0,105.78766632080078
46.0,1,2,2,261117.0,1,0,145.43698120117188
88.0,1,6,1,490348.0,1,2,91.48933410644531
85.0,2,4,4,462727.0,2,1,128.08883666992188
80.0,1,3,1,413400.0,1,1,113.56583404541016
61.0,1,2,3,343707.0,2,0,87.81309509277344
26.0,1,4,5,176856.0,1,1,123.20486450195312
12.0,1,3,4,83298.0,1,1,131.89263916015625
90.0,1,1,3,477689.0,2,0,140.1729278564453
79.0,1,2,3,434830.0,1,0,82.36296844482422
12.0,1,4,2,88067.0,2,1,145.3663330078125
43.0,2,3,4,256242.0,2,1,97.32719421386719
14.0,2,1,5,95853.0,1,1,90.04823303222656
16.0,1,5,2,126285.0,1,0,102.94612884521484
76.0,2,6,3,424452.0,2,0,138.48721313476562
52.0,1,6,2,290924.0,1,2,147.3240966796875
75.0,2,1,5,404531.0,1,1,87.6190185546875
19.0,2,3,3,133511.0,2,0,131.370361328125
66.0,1,3,5,372888.0,1,0,97.880859375
21.0,1,2,3,142985.0,1,1,97.31195068359375
84.0,2,4,3,461197.0,1,0,115.87686157226562
25.0,1,6,3,178763.0,1,1,68.60581970214844
31.0,2,2,2,195874.0,2,0,141.2476043701172
35.0,2,2,2,215722.0,2,1,94.31594848632812
69.0,2,1,3,360162.0,1,1,111.5705795288086
65.0,2,1,1,367142.0,1,1,50.67540740966797
73.0,2,4,3,405636.0,2,1,126.60639953613281
51.0,1,3,1,306044.0,1,2,103.39230346679688
69.0,1,1,2,380212.0,1,0,120.45787048339844
29.0,1,4,2,194285.0,1,0,100.96760559082031
80.0,1,2,3,435266.0,1,1,110.47212982177734
13.0,2,4,4,106118.0,1,1,109.35408782958984
43.0,2,4,3,239687.0,2,1,100.4189224243164
95.0,1,3,3,501848.0,1,0,92.59520721435547
65.0,2,6,3,371397.0,2,0,93.88048553466797
48.0,2,6,3,283544.0,2,1,146.33236694335938
45.0,2,3,2,269554.0,1,1,116.93739318847656
15.0,1,3,3,115158.0,2,1,115.93304443359375
80.0,1,4,2,448239.0,2,2,128.33885192871094
55.0,1,1,2,310927.0,1,1,127.11322021484375
76.0,2,3,2,417677.0,2,0,109.92066192626953
93.0,1,5,1,514067.0,1,1,108.74105834960938
11.0,1,1,4,84031.0,1,1,75.18851470947266
32.0,2,3,1,194229.0,2,1,84.0620346069336
77.0,1,1,3,406040.0,2,2,78.007080078125
66.0,2,6,4,382409.0,1,0,130.52418518066406
82.0,1,3,3,424626.0,2,0,120.12162780761719
92.0,1,2,5,484054.0,1,1,99.49949645996094
64.0,2,5,3,344509.0,2,1,102.18363189697266
23.0,2,1,3,138638.0,1,1,98.12002563476562
84.0,2,1,3,442141.0,1,1,107.39175415039062
90.0,1,6,3,497942.0,1,2,102.12109375
76.0,2,3,5,414215.0,2,1,80.92314910888672
72.0,1,2,2,379334.0,2,1,116.74311065673828
82.0,2,2,3,448670.0,2,1,67.25340270996094
39.0,1,4,3,242849.0,1,1,85.07159423828125
93.0,1,2,4,485125.0,1,1,89.57743835449219
88.0,2,5,4,481373.0,2,0,109.21170043945312
60.0,2,4,2,318548.0,1,0,141.42955017089844
36.0,1,5,2,222483.0,1,1,109.7060317993164
20.0,2,3,5,138463.0,1,0,138.7442169189453
15.0,1,6,2,105306.0,1,0,113.92230987548828
45.0,1,2,1,239822.0,1,1,122.76306915283203
49.0,2,1,3,262795.0,1,0,154.4137725830078
22.0,1,1,4,138237.0,2,1,114.85755920410156
94.0,1,2,1,504166.0,2,0,127.9041748046875
84.0,2,4,1,447392.0,2,0,100.95366668701172
42.0,1,3,3,254805.0,2,0,124.06608581542969
79.0,1,1,4,427103.0,1,0,92.10935974121094
28.0,2,6,3,174694.0,1,1,140.21388244628906
79.0,1,3,3,444988.0,1,0,115.14950561523438
14.0,1,2,4,93945.0,1,0,131.50048828125
63.0,2,3,2,344761.0,1,0,126.5517807006836
42.0,2,3,4,222738.0,1,2,111.33544921875
70.0,2,3,3,393039.0,1,1,119.77235412597656
52.0,2,4,3,301378.0,1,0,109.32303619384766
60.0,1,3,2,337530.0,1,1,143.03614807128906
52.0,2,3,2,302212.0,1,1,104.94902801513672
75.0,1,3,3,406786.0,1,1,116.134033203125
14.0,1,2,3,100017.0,1,1,76.66748046875
45.0,2,6,4,274593.0,2,0,84.35202026367188
87.0,2,3,3,480362.0,2,0,126.62240600585938
69.0,1,3,4,376759.0,2,1,125.80059814453125
16.0,2,3,2,108027.0,1,1,121.83125305175781
19.0,1,3,3,113543.0,1,1,90.61231231689453
66.0,2,3,3,358594.0,2,0,111.63077545166016
90.0,2,6,2,486360.0,1,0,90.09564971923828
35.0,2,3,4,198006.0,2,1,134.28147888183594
76.0,1,3,4,403913.0,1,0,102.18985748291016
35.0,1,4,2,186992.0,1,2,98.3594741821289
80.0,1,5,4,439712.0,1,1,146.52305603027344
35.0,1,3,3,205724.0,1,0,83.46183013916016
77.0,1,3,2,413001.0,1,1,130.24403381347656
52.0,2,2,2,298799.0,1,1,87.68136596679688
73.0,1,5,5,383143.0,1,1,92.41876220703125
80.0,2,3,4,420375.0,2,1,91.5485610961914
18.0,1,2,3,126123.0,2,0,157.669189453125
15.0,1,5,2,108596.0,1,1,94.33605194091797
62.0,2,5,2,354835.0,2,0,119.40856170654297
10.0,1,4,2,77054.0,1,1,116.05902862548828
21.0,1,4,3,134216.0,1,1,141.27413940429688
14.0,1,6,3,114552.0,1,1,75.07352447509766
34.0,2,4,5,202484.0,2,1,116.10858154296875
61.0,1,2,1,349656.0,1,1,104.15266418457031
34.0,1,2,3,209685.0,1,0,110.85394287109375
92.0,2,1,3,510382.0,2,1,78.75596618652344
78.0,1,2,3,417973.0,1,0,136.8934783935547
93.0,1,2,4,492731.0,2,1,80.36106872558594
92.0,2,3,2,481503.0,1,0,144.6730499267578
49.0,1,2,3,263484.0,2,1,116.61785125732422
47.0,1,2,2,263860.0,1,2,122.41543579101562
72.0,1,5,4,398744.0,1,1,118.57429504394531
92.0,1,5,1,490350.0,1,1,114.7532958984375
48.0,1,1,3,289614.0,1,1,86.45429992675781
45.0,2,6,2,272930.0,1,1,112.62187194824219
11.0,2,2,3,77088.0,1,1,61.36797332763672
45.0,1,2,2,250986.0,1,1,115.14945983886719
21.0,2,3,3,156714.0,1,0,115.81926727294922
78.0,2,4,3,414009.0,1,1,122.29022979736328
68.0,2,4,2,384340.0,2,1,122.45068359375
17.0,1,2,3,134616.0,1,1,74.31150817871094
43.0,2,2,5,257915.0,1,1,104.4960708618164
78.0,2,3,4,434225.0,1,1,78.07183837890625
22.0,1,5,3,143895.0,1,1,116.83671569824219
39.0,1,2,3,212778.0,1,0,136.0487060546875
18.0,1,1,3,111818.0,1,1,94.09245300292969
78.0,2,2,5,423502.0,1,0,82.42475891113281
74.0,2,4,3,408105.0,1,0,103.15953063964844
33.0,2,2,2,186425.0,2,2,121.66241455078125
84.0,2,6,2,462976.0,1,2,111.98883819580078
83.0,2,6,2,460749.0,1,0,99.19366455078125
47.0,1,4,5,260225.0,1,1,117.45579528808594
10.0,2,2,3,83090.0,1,1,112.00032043457031
58.0,2,4,4,326517.0,2,0,106.20568084716797
75.0,2,4,3,404480.0,2,1,123.3005142211914
16.0,2,1,3,102168.0,2,1,108.22236633300781
29.0,2,3,3,187368.0,2,0,112.56779479980469
14.0,2,4,3,106857.0,1,0,103.89109802246094
16.0,1,1,2,105630.0,1,0,97.38024139404297
10.0,1,2,3,76705.0,2,1,123.66729736328125
18.0,1,6,2,134653.0,2,1,112.2308578491211
40.0,1,2,3,232023.0,2,0,125.22205352783203
62.0,2,4,1,329843.0,2,1,106.60540771484375
41.0,2,5,3,258139.0,1,0,86.57000732421875
13.0,2,5,2,100177.0,1,1,109.361328125
73.0,2,6,3,403787.0,2,1,149.3336639404297
48.0,2,5,3,287723.0,2,0,100.07685852050781
35.0,1,2,2,208200.0,1,0,61.66318893432617
15.0,2,5,5,118550.0,1,1,90.22201538085938
68.0,1,4,4,372770.0,1,0,110.76193237304688
51.0,2,2,3,284904.0,1,1,131.4723663330078
9.0,2,2,3,76345.0,2,0,123.46368408203125
83.0,1,5,2,449850.0,2,2,119.01652526855469
23.0,2,3,2,152195.0,2,0,106.1801528930664
76.0,1,5,3,410928.0,1,0,123.98681640625
69.0,1,2,3,389991.0,1,0,101.70870208740234
34.0,2,1,4,209716.0,1,1,94.91509246826172
57.0,1,2,3,314866.0,1,0,112.23247528076172
92.0,2,1,3,487499.0,2,1,88.74525451660156
41.0,2,6,4,242250.0,1,0,96.44788360595703
64.0,2,4,2,357183.0,1,1,108.57083129882812
59.0,1,5,3,333248.0,2,1,100.16189575195312
54.0,1,2,1,297925.0,2,0,122.4760971069336
66.0,2,4,4,367215.0,2,0,129.23866271972656
20.0,2,5,3,127278.0,1,0,124.66510009765625
41.0,1,4,3,218976.0,2,2,141.372314453125
49.0,1,6,2,294292.0,2,0,114.07989501953125
55.0,1,5,3,310932.0,1,0,117.70106506347656
33.0,1,2,3,205821.0,2,1,105.66912841796875
38.0,1,4,2,222740.0,1,1,128.85411071777344
63.0,1,5,3,358344.0,1,0,96.24882507324219
16.0,2,2,2,107947.0,2,1,118.85529327392578
44.0,2,1,2,269379.0,1,0,119.62442779541016
18.0,1,4,4,142529.0,2,1,129.76303100585938
53.0,2,3,3,280760.0,1,1,85.98147583007812
28.0,2,1,3,167656.0,2,1,123.215576171875
44.0,2,2,2,259196.0,2,0,88.06571197509766
78.0,2,6,2,430976.0,1,1,111.35145568847656
70.0,1,4,4,392785.0,2,1,119.12372589111328
75.0,2,2,1,397271.0,1,0,134.34902954101562
72.0,2,4,4,385411.0,1,2,63.104827880859375
81.0,2,2,2,422849.0,2,1,133.1033172607422
42.0,1,2,4,262526.0,1,0,138.99075317382812
55.0,2,3,1,305982.0,1,0,140.02294921875
17.0,1,3,4,130406.0,1,0,98.49089813232422
53.0,1,6,1,315048.0,1,1,112.1876449584961
68.0,1,3,3,396777.0,1,0,110.42425537109375
48.0,2,3,3,274929.0,1,1,118.95103454589844
58.0,2,3,2,324121.0,2,2,114.45684814453125
61.0,1,3,4,319644.0,1,1,127.72276306152344
94.0,1,5,2,510020.0,1,2,108.27033996582031
88.0,2,6,3,477548.0,1,1,103.37025451660156
58.0,2,5,3,322228.0,1,1,110.62910461425781
34.0,2,3,3,191164.0,1,1,85.8205337524414
46.0,2,6,3,276147.0,1,1,107.64386749267578
51.0,1,3,3,293007.0,2,0,174.1520538330078
74.0,1,3,2,405498.0,1,1,108.63129425048828
28.0,2,1,4,181728.0,1,0,88.53073120117188
67.0,1,5,2,372670.0,1,1,85.94992065429688
66.0,2,3,2,361868.0,2,1,121.8490219116211
91.0,1,1,3,485444.0,2,1,116.59046936035156
89.0,2,4,3,500477.0,2,1,98.86639404296875
24.0,1,1,2,135764.0,1,0,113.80970001220703
47.0,1,6,4,264627.0,1,2,112.27384948730469
9.0,1,3,3,73422.0,1,0,156.4824981689453
67.0,1,1,2,360220.0,1,2,98.18292236328125
10.0,2,4,3,70317.0,2,1,104.80506134033203
84.0,2,2,3,441173.0,1,0,96.04163360595703
69.0,1,5,3,372136.0,1,0,120.41790008544922
41.0,2,2,3,238684.0,2,0,109.9581527709961
44.0,2,6,4,251866.0,1,1,108.41122436523438
19.0,2,4,3,145325.0,1,0,116.05974578857422
63.0,1,4,3,362853.0,1,1,51.16230773925781
68.0,2,1,2,370856.0,2,0,68.78646850585938
28.0,2,4,3,184233.0,1,1,120.50433349609375
26.0,1,5,3,161452.0,1,2,96.56689453125
67.0,2,5,1,375134.0,2,0,95.76183319091797
90.0,1,4,3,483122.0,1,0,91.217529296875
90.0,1,5,3,487700.0,2,1,118.6200180053711
49.0,1,1,2,267375.0,1,0,122.05846405029297
65.0,2,4,2,352098.0,1,1,112.910888671875
77.0,1,5,2,431047.0,1,0,86.20391845703125
43.0,2,4,1,269672.0,2,0,116.36614227294922
83.0,2,2,2,453100.0,2,1,132.08596801757812
20.0,2,2,3,133126.0,1,1,95.6795654296875
77.0,2,5,3,436765.0,1,0,107.6590805053711
37.0,2,2,3,200423.0,1,1,94.1436767578125
47.0,2,6,2,283438.0,2,0,127.7126693725586
70.0,1,3,3,363879.0,1,1,114.94674682617188
92.0,2,2,2,494643.0,1,1,145.82029724121094
41.0,1,1,2,232867.0,1,0,88.37197875976562
87.0,2,4,4,474258.0,2,1,118.3414077758789
43.0,2,4,4,252100.0,2,0,124.06944274902344
9.0,2,1,2,55961.0,1,1,79.28117370605469
72.0,1,2,3,396498.0,2,0,116.49589538574219
29.0,1,4,3,166280.0,1,1,113.64602661132812
81.0,1,1,3,425299.0,2,1,140.11837768554688
74.0,2,1,2,405509.0,1,1,175.68701171875
46.0,1,5,4,255970.0,1,1,128.2434844970703
76.0,2,2,2,404977.0,1,1,143.2197265625
36.0,1,2,4,207748.0,2,0,134.72048950195312
62.0,2,5,3,351394.0,2,1,95.56330108642578
47.0,1,6,1,267126.0,2,2,80.68467712402344
82.0,2,2,2,435029.0,1,1,117.64373779296875
94.0,2,5,2,517958.0,2,0,144.1724853515625
22.0,2,3,4,135627.0,1,0,131.61953735351562
35.0,1,1,3,200440.0,1,0,112.40562438964844
33.0,1,3,3,195644.0,2,1,103.21842956542969
95.0,1,6,2,523104.0,1,0,153.79986572265625
31.0,2,1,4,194614.0,1,0,121.7176513671875
40.0,1,5,3,221141.0,1,1,114.89364624023438
56.0,1,2,2,331236.0,1,1,74.33999633789062
50.0,1,1,3,271236.0,1,0,110.9215087890625
76.0,1,3,6,431840.0,1,0,95.15144348144531
85.0,2,3,3,469255.0,1,0,113.1634292602539
9.0,1,4,3,89011.0,1,1,84.66831970214844
32.0,1,2,2,196217.0,1,1,119.14142608642578
57.0,1,5,3,310828.0,1,1,125.57811737060547
32.0,2,6,3,212945.0,1,1,120.63062286376953
60.0,1,6,2,351027.0,1,2,107.01820373535156
36.0,2,1,4,213177.0,2,0,96.58580017089844
76.0,2,3,3,422746.0,1,1,115.08039855957031
29.0,2,5,2,192786.0,1,0,90.91631317138672
10.0,1,4,2,87750.0,2,0,84.34977722167969
54.0,2,1,1,308287.0,1,0,136.93788146972656
38.0,1,1,2,231210.0,1,1,93.75869750976562
67.0,2,5,4,384922.0,2,1,108.37326049804688
69.0,2,4,3,390052.0,2,1,140.53909301757812
31.0,1,1,2,178067.0,1,1,66.36735534667969
61.0,2,1,3,316509.0,1,1,113.897705078125
54.0,2,4,2,312786.0,2,1,146.17788696289062
89.0,2,4,2,469132.0,1,1,132.1669158935547
65.0,1,3,1,366295.0,1,1,111.00019836425781
29.0,1,2,2,174831.0,1,0,140.53262329101562
21.0,1,3,2,139855.0,1,1,112.94725036621094
46.0,2,5,2,256441.0,1,2,109.55136108398438
72.0,1,4,4,418580.0,1,0,89.31977844238281
22.0,1,5,2,141809.0,1,1,92.547607421875
74.0,2,2,2,413266.0,2,0,125.68626403808594
55.0,2,4,1,321126.0,1,1,106.62133026123047
53.0,1,3,2,299766.0,1,1,71.06350708007812
54.0,2,4,2,277807.0,1,2,128.95346069335938
65.0,1,2,2,365528.0,2,0,104.58738708496094
87.0,1,6,3,481390.0,2,1,107.97311401367188
83.0,2,4,2,445767.0,1,2,127.09603881835938
87.0,2,4,3,469624.0,1,1,102.92272186279297
72.0,1,2,1,398540.0,2,1,150.08993530273438
15.0,2,4,3,106153.0,2,1,90.06088256835938
25.0,2,1,2,158872.0,1,1,125.04714965820312
24.0,1,4,2,153917.0,1,1,91.23141479492188
89.0,2,3,2,469727.0,2,0,131.50970458984375
30.0,2,5,2,178782.0,1,1,148.72557067871094
92.0,1,4,2,495190.0,1,0,114.73776245117188
8.0,1,2,3,77722.0,1,0,129.89280700683594
30.0,2,1,5,175143.0,1,0,109.13530731201172
72.0,2,1,3,385702.0,1,0,98.0006332397461
42.0,2,1,1,243857.0,1,1,155.12164306640625
18.0,1,6,1,135590.0,1,0,130.68931579589844
50.0,2,5,3,301986.0,2,1,141.28390502929688
93.0,2,5,3,491544.0,1,1,97.69511413574219
95.0,1,5,2,496577.0,2,1,99.54768371582031
9.0,1,3,2,69864.0,1,1,85.30609130859375
76.0,2,4,2,399621.0,1,1,113.1412353515625
15.0,1,3,3,130577.0,2,0,140.3092041015625
73.0,1,1,2,407753.0,1,1,117.2246322631836
86.0,1,2,2,464224.0,2,0,103.8434066772461
35.0,1,2,2,197923.0,1,1,100.29866027832031
25.0,2,3,3,156356.0,1,1,138.95436096191406
20.0,2,3,1,129699.0,2,1,134.1758270263672
39.0,1,5,2,247961.0,2,0,148.21331787109375
42.0,1,3,3,243814.0,1,0,141.39529418945312
93.0,1,5,2,499469.0,1,0,89.38856506347656
56.0,2,4,3,329509.0,1,0,76.29966735839844
43.0,1,3,1,227305.0,1,2,104.88206481933594
27.0,2,2,5,161833.0,1,1,183.03970336914062
79.0,1,5,3,423126.0,1,0,141.27432250976562
14.0,2,4,2,111528.0,2,1,102.66116333007812
16.0,1,4,2,92095.0,1,1,104.21192932128906
13.0,2,2,3,90325.0,1,1,120.77305603027344
37.0,1,6,2,229251.0,1,0,77.45011138916016
61.0,1,3,3,331189.0,1,1,118.31665802001953
44.0,1,1,3,234435.0,2,1,75.1292724609375
61.0,2,2,3,328593.0,1,0,96.85798645019531
79.0,1,6,3,443659.0,2,2,141.0207977294922
29.0,1,3,2,180632.0,2,1,92.28792572021484
49.0,1,5,4,286556.0,1,0,99.84832763671875
50.0,2,1,3,278550.0,1,1,96.50727844238281
33.0,1,4,2,208964.0,2,0,113.3936767578125
60.0,2,2,2,337053.0,1,1,111.36009216308594
26.0,1,5,2,166071.0,2,1,134.28585815429688
32.0,2,4,3,195706.0,1,2,126.72696685791016
57.0,2,1,1,303991.0,1,1,124.4176025390625
68.0,1,5,6,375204.0,1,0,109.30152130126953
47.0,1,4,3,285368.0,1,1,117.16184997558594
40.0,1,2,3,224096.0,2,1,104.20056915283203
24.0,1,2,5,172437.0,1,1,63.222957611083984
64.0,1,5,3,361851.0,2,1,78.13096618652344
85.0,1,4,2,450996.0,1,2,135.35020446777344
18.0,1,2,3,135798.0,1,2,105.28553009033203
20.0,2,6,4,126793.0,2,2,111.1346206665039
52.0,2,4,3,331559.0,1,0,153.48095703125
84.0,1,3,2,468491.0,2,1,89.16930389404297
29.0,2,6,2,174748.0,2,1,134.35255432128906
20.0,1,1,3,139082.0,2,0,110.57810974121094
10.0,1,3,2,89745.0,2,1,166.78431701660156
7.0,1,2,2,66468.0,2,1,124.22454833984375
51.0,2,6,2,278952.0,2,1,97.53971099853516
75.0,2,2,3,409295.0,1,1,97.79186248779297
48.0,1,5,2,255120.0,1,1,116.3320541381836
86.0,1,1,3,444364.0,1,1,100.3447036743164
38.0,1,4,2,232721.0,2,0,60.38801193237305
52.0,1,1,1,281936.0,1,0,112.7392349243164
38.0,2,4,2,244015.0,2,0,154.38577270507812
11.0,1,5,3,88870.0,1,1,119.58025360107422
27.0,2,4,5,167370.0,2,1,108.75455474853516
24.0,1,2,3,151209.0,2,1,131.3756103515625
51.0,1,2,3,277775.0,2,0,84.490234375
86.0,2,3,2,451628.0,1,1,76.28480529785156
73.0,1,4,3,404406.0,1,1,112.31156158447266
81.0,2,1,5,444911.0,1,1,98.17852783203125
72.0,1,3,2,389412.0,1,0,115.7073974609375
92.0,1,2,2,485739.0,1,1,97.11397552490234
10.0,2,4,3,84932.0,1,2,83.87117767333984
81.0,1,3,4,434457.0,1,1,119.51246643066406
11.0,2,6,3,103531.0,2,2,101.79959106445312
80.0,1,1,1,436400.0,1,0,115.82634735107422
22.0,1,3,1,143447.0,2,0,123.2405014038086
69.0,1,3,3,372836.0,2,0,89.63278198242188
18.0,1,5,1,106776.0,1,1,125.1153793334961
57.0,2,5,3,331910.0,2,1,129.6647186279297
61.0,2,4,2,333244.0,2,0,114.61254119873047
53.0,2,1,3,285894.0,2,1,111.20973205566406
75.0,2,3,2,415920.0,1,2,102.393310546875
39.0,2,2,4,221127.0,1,1,110.9773178100586
41.0,1,4,3,256399.0,2,0,119.11820220947266
21.0,2,5,2,156799.0,1,1,107.72665405273438
79.0,2,1,2,433371.0,1,0,127.21879577636719
18.0,1,4,3,121480.0,2,0,125.51801300048828
28.0,1,2,4,188753.0,1,0,117.34260559082031
90.0,2,6,2,489152.0,1,0,136.9387969970703
12.0,2,4,3,97734.0,1,1,82.41915130615234
26.0,1,3,4,164911.0,2,0,122.55564880371094
67.0,2,5,2,355090.0,1,1,110.2979507446289
11.0,2,1,3,80050.0,1,1,114.866943359375
47.0,2,2,2,265782.0,1,1,114.45775604248047
21.0,1,2,5,130318.0,1,1,122.08765411376953
45.0,2,3,2,257230.0,2,0,116.46198272705078
54.0,2,1,3,285024.0,2,2,108.6076889038086
80.0,2,4,2,435145.0,1,1,115.1727294921875
26.0,2,6,3,164264.0,1,1,130.7267303466797
19.0,1,4,2,116179.0,1,1,115.89537048339844
76.0,1,4,3,424009.0,1,1,146.358154296875
42.0,2,4,2,248701.0,1,1,130.82989501953125
55.0,2,1,3,319078.0,1,0,103.6112060546875
87.0,1,5,4,473422.0,2,1,134.65618896484375
68.0,1,3,1,394972.0,2,0,117.20642852783203
45.0,1,3,4,253016.0,1,1,124.51060485839844
66.0,2,4,1,351088.0,2,1,86.87930297851562
67.0,2,6,1,369138.0,1,1,105.73695373535156
63.0,2,4,3,356051.0,1,0,114.72003936767578
14.0,1,4,2,119662.0,2,1,133.00210571289062
72.0,2,4,2,375021.0,1,1,115.79312133789062
34.0,1,6,2,215295.0,1,1,149.99232482910156
80.0,2,3,3,412071.0,1,1,114.76026916503906
20.0,1,4,3,145498.0,2,1,143.6632537841797
78.0,2,3,2,420157.0,1,1,74.80583190917969
27.0,2,2,2,190645.0,1,1,75.47247314453125
63.0,1,1,2,351260.0,1,0,105.8841552734375
20.0,2,6,3,143761.0,2,1,112.08897399902344
67.0,2,2,3,385214.0,2,0,107.87995147705078
73.0,1,3,3,378341.0,1,1,95.48176574707031
34.0,1,5,4,208355.0,2,0,106.6226806640625
31.0,1,5,4,184915.0,1,1,131.5315399169922
82.0,1,4,5,438662.0,1,0,123.14480590820312
40.0,1,6,3,239193.0,1,0,122.38459014892578
60.0,1,5,2,296092.0,2,2,83.17293548583984
28.0,1,6,3,178383.0,2,1,112.82402801513672
87.0,1,6,2,495605.0,2,1,123.52155303955078
87.0,2,2,4,457426.0,1,1,143.76939392089844
79.0,2,4,4,417407.0,1,1,122.55517578125
80.0,2,5,4,430864.0,1,1,117.97785949707031
73.0,2,5,2,403965.0,2,0,109.1971435546875
32.0,1,4,3,192433.0,2,1,137.9445343017578
82.0,1,4,2,455162.0,2,0,109.0257797241211
22.0,1,2,1,153831.0,2,1,144.42539978027344
77.0,2,5,4,406211.0,2,1,89.45619201660156
13.0,1,5,4,86366.0,1,1,146.71006774902344
73.0,2,4,4,409096.0,2,1,116.87460327148438
67.0,1,2,3,358959.0,2,1,126.52122497558594
59.0,2,3,3,318920.0,2,1,112.98478698730469
60.0,1,6,4,331104.0,1,1,101.41161346435547
43.0,2,4,3,236034.0,1,1,112.13825225830078
73.0,2,1,4,407222.0,2,1,137.45999145507812
81.0,1,5,4,436785.0,1,1,94.56122589111328
89.0,2,4,2,473124.0,1,1,122.67720031738281
60.0,1,5,3,354278.0,1,0,104.81806945800781
22.0,2,4,3,137628.0,1,1,131.47889709472656
66.0,2,3,2,352514.0,1,1,107.28555297851562
21.0,1,2,1,143483.0,1,0,107.08711242675781
8.0,1,3,4,90696.0,1,0,89.7486801147461
31.0,1,4,1,193359.0,2,0,137.0928955078125
56.0,1,4,2,313087.0,2,0,134.36654663085938
87.0,2,4,3,496889.0,1,0,89.70858764648438
18.0,1,3,3,120870.0,1,1,112.6939926147461
78.0,2,4,3,426964.0,1,1,111.96440124511719
62.0,2,3,3,347065.0,2,1,129.60581970214844
76.0,2,3,5,402263.0,1,2,118.02214813232422
27.0,2,1,2,168753.0,1,1,145.72169494628906
35.0,2,5,3,205969.0,2,1,123.6230697631836
77.0,2,1,2,419137.0,1,1,135.26490783691406
81.0,1,3,1,448881.0,1,1,81.949462890625
55.0,1,2,2,306178.0,1,0,117.03693389892578
41.0,1,4,3,260305.0,1,0,131.15492248535156
92.0,2,5,5,492671.0,1,2,110.61204528808594
18.0,1,3,2,123203.0,2,0,73.78599548339844
40.0,2,1,3,222515.0,1,1,96.59497833251953
57.0,2,1,4,298327.0,2,2,81.11492919921875
40.0,2,3,4,227146.0,1,2,124.75032806396484
20.0,2,4,4,128856.0,1,1,109.17049407958984
48.0,2,2,4,268438.0,2,1,158.734375
12.0,2,5,4,110561.0,1,0,87.12176513671875
68.0,1,1,1,375706.0,1,0,127.3274917602539
56.0,1,6,4,322685.0,1,1,118.49642944335938
30.0,2,4,1,206189.0,2,0,161.8197479248047
91.0,1,1,3,489669.0,1,0,111.79103088378906
31.0,1,3,3,185194.0,1,1,75.80642700195312
69.0,2,6,3,359344.0,2,1,124.78716278076172
12.0,1,1,2,70938.0,1,1,114.25273132324219
81.0,1,2,3,439598.0,2,0,114.98015594482422
46.0,1,3,3,248467.0,1,1,112.15296936035156
81.0,2,5,3,445016.0,1,1,71.9696044921875
86.0,2,3,3,449263.0,2,1,100.34374237060547
29.0,2,5,2,182383.0,1,1,83.98899841308594
14.0,2,6,3,105954.0,2,2,110.92474365234375
78.0,2,4,4,430806.0,1,1,121.4566421508789
12.0,2,4,3,92482.0,1,1,106.41250610351562
55.0,1,3,3,335366.0,1,0,110.035888671875
50.0,1,4,2,294557.0,2,1,115.1210708618164
67.0,1,5,3,386366.0,2,0,119.8585433959961
12.0,2,3,3,83223.0,1,0,137.9106903076172
28.0,1,5,3,164377.0,1,1,112.44182586669922
56.0,2,4,2,316252.0,1,1,116.7098159790039
39.0,1,5,1,235036.0,1,1,99.35193634033203
19.0,2,3,3,143352.0,2,1,113.63455963134766
89.0,1,1,3,484794.0,1,0,78.54173278808594
43.0,2,3,1,234359.0,1,1,106.26206970214844
91.0,2,5,4,486958.0,1,1,89.47649383544922
76.0,2,2,2,391262.0,2,1,163.60775756835938
69.0,2,4,2,374055.0,2,0,120.10905456542969
43.0,1,3,3,242311.0,2,0,138.72369384765625
39.0,2,3,4,231348.0,1,1,122.62887573242188
84.0,1,6,4,476493.0,1,2,95.50621032714844
51.0,1,5,3,286890.0,1,1,86.71401977539062
93.0,1,4,1,497156.0,1,0,88.05178833007812
43.0,1,2,4,241887.0,2,0,132.67662048339844
40.0,2,2,2,221393.0,1,2,103.84800720214844
49.0,1,3,2,278227.0,1,2,132.11065673828125
26.0,2,5,2,141487.0,2,0,79.84759521484375
56.0,1,1,2,321165.0,1,1,99.26678466796875
92.0,1,5,4,505768.0,1,1,117.02326965332031
81.0,2,1,3,434331.0,1,0,110.6500244140625
33.0,1,5,4,201257.0,1,0,146.53582763671875
11.0,2,1,2,99065.0,1,1,131.03585815429688
89.0,1,2,2,479418.0,1,1,106.67247009277344
49.0,2,3,3,284752.0,1,1,93.16285705566406
65.0,2,2,3,365091.0,1,1,144.19583129882812
91.0,2,4,2,498192.0,1,0,113.94710540771484
35.0,2,4,3,212640.0,1,1,105.72222900390625
25.0,2,3,4,173691.0,1,0,114.33262634277344
66.0,1,3,2,355917.0,1,1,103.12223052978516
40.0,2,1,4,218765.0,2,0,132.76766967773438
93.0,2,1,1,498363.0,2,1,89.15130615234375
15.0,2,5,3,116729.0,2,1,101.67802429199219
30.0,2,4,4,189600.0,1,1,143.85826110839844
29.0,1,2,3,179013.0,2,0,99.7305679321289
78.0,2,3,3,442593.0,1,1,90.27658081054688
53.0,1,3,4,302991.0,1,2,96.75855255126953
86.0,1,5,3,474764.0,1,2,121.88766479492188
83.0,2,5,3,435488.0,1,1,118.78575134277344
29.0,1,6,3,177608.0,1,0,86.9320068359375
23.0,2,5,1,144380.0,2,2,120.6072998046875
68.0,2,3,4,399531.0,2,0,133.755859375
43.0,1,3,5,247129.0,1,2,117.4677963256836
73.0,1,4,2,406266.0,2,1,107.06880187988281
86.0,1,6,3,480191.0,2,1,149.58872985839844
23.0,2,4,3,149052.0,2,2,128.64662170410156
87.0,1,3,3,470487.0,2,2,140.31869506835938
63.0,1,3,5,353553.0,2,1,132.15460205078125
84.0,2,2,3,442243.0,1,1,124.38200378417969
9.0,1,2,4,62222.0,1,1,122.41734313964844
53.0,2,6,5,299362.0,1,0,99.661376953125
79.0,2,3,3,414377.0,1,1,135.8738555908203
36.0,2,4,2,227470.0,1,0,137.2463836669922
30.0,2,3,2,172131.0,1,1,131.68902587890625
25.0,2,4,3,136299.0,2,2,113.88094329833984
55.0,2,4,2,307217.0,2,0,131.17996215820312
23.0,1,5,2,172185.0,2,1,116.14498138427734
14.0,1,2,3,98169.0,2,1,138.9210205078125
56.0,2,1,1,316695.0,1,0,105.42469024658203
52.0,1,3,3,277358.0,1,1,111.50241088867188
67.0,1,3,2,368240.0,2,0,125.50546264648438
75.0,1,4,4,386086.0,1,1,96.06627655029297
70.0,1,1,4,367895.0,1,1,109.01661682128906
55.0,2,4,1,309142.0,1,0,105.90770721435547
73.0,1,1,2,382733.0,1,1,92.58045959472656
20.0,1,3,3,134120.0,1,1,109.22506713867188
73.0,1,4,3,391001.0,2,1,112.85620880126953
64.0,2,3,2,360627.0,2,1,105.16777801513672
75.0,1,5,3,412760.0,1,0,106.90486145019531
10.0,2,2,4,84670.0,1,1,96.99678039550781
51.0,1,3,3,291583.0,1,0,77.6024169921875
46.0,2,3,3,276876.0,1,0,85.30311584472656
70.0,1,4,3,382551.0,1,1,108.35102081298828
61.0,2,5,1,333941.0,2,1,114.01001739501953
56.0,1,5,4,319013.0,2,1,114.39067077636719
95.0,2,2,4,515965.0,2,0,119.55068969726562
